"['0', '1', '2', '3', '4', '5', '6', '7', '8', '9', '10', '11', '12', '13', '14', '15', '16', '17', '18', '19', '20', '21', '22', '23', '24', '25', '26', '27', '28', '29', '30', '31', '32', '33', '34', '35', '36', '37', '38', '39', '40', '41', '42', '43', '44', '45', '46', '47', '48', '49', '50', '51', '52', '53', '54', '55', '56', '57', '58', '59', '60', '61', '62', '63', '64', '65', '66', '67', '68', '69', '70', '71', '72', '73', '74', '75', '76', '77', '78', '79', '80', '81', '82', '83', '84', '85', '86', '87', '88', '89', '90', '91', '92', '93']","[797, 83, 57, 270, 5, 722, 172, 654, 51, 218, 989, 501, 838, 622, 760, 987, 413, 133, 779, 222, 814, 655, 67, 950, 985, 412, 500, 476, 932, 277, 357, 577, 812, 946, 294, 263, 246, 867, 937, 100, 992, 911, 327, 328, 433, 671, 451, 119, 499, 279, 551, 388, 442, 217, 547, 889, 434, 656, 60, 530, 728, 715, 235, 833, 369, 103, 576, 123, 108, 172, 959, 232, 659, 65, 593, 292, 76, 103, 347, 930, 903, 713, 605, 565, 580, 71, 48, 662, 33, 827, 517, 277, 765, 734]","[281, 25, 823, 949, 306, 728, 389, 683, 890, 142, 449, 25, 257, 487, 170, 114, 578, 812, 880, 991, 664, 699, 239, 38, 539, 889, 578, 602, 231, 949, 315, 438, 191, 27, 638, 406, 110, 511, 981, 311, 178, 915, 235, 356, 894, 97, 682, 990, 488, 147, 901, 829, 193, 502, 365, 773, 30, 259, 813, 999, 503, 947, 244, 755, 889, 441, 427, 832, 238, 935, 533, 509, 830, 156, 419, 127, 370, 430, 148, 379, 102, 660, 388, 493, 313, 354, 792, 218, 910, 240, 140, 679, 377, 371]",2477
"['0', '1', '2', '3', '4', '5', '6', '7', '8', '9', '10', '11', '12', '13', '14', '15', '16', '17', '18', '19', '20', '21', '22', '23', '24', '25', '26', '27', '28', '29', '30', '31', '32', '33', '34', '35', '36', '37']","[791, 784, 385, 62, 584, 953, 659, 143, 382, 436, 48, 642, 286, 964, 741, 549, 426, 349, 264, 423, 776, 433, 372, 391, 698, 942, 433, 341, 336, 496, 196, 399, 94, 541, 405, 472, 423, 705]","[179, 287, 775, 426, 462, 212, 923, 611, 457, 1, 446, 67, 573, 477, 169, 349, 280, 547, 235, 556, 546, 945, 377, 776, 78, 372, 604, 282, 328, 736, 277, 531, 422, 122, 249, 580, 722, 966]",2257
"['0', '1', '2', '3', '4', '5', '6', '7', '8', '9', '10', '11', '12', '13', '14', '15', '16', '17', '18', '19', '20', '21', '22', '23', '24', '25', '26', '27', '28', '29', '30', '31', '32', '33', '34', '35', '36', '37', '38', '39', '40', '41', '42', '43', '44', '45', '46', '47', '48', '49', '50', '51', '52', '53', '54', '55', '56', '57', '58', '59', '60', '61', '62', '63', '64', '65', '66', '67', '68', '69', '70', '71', '72', '73', '74', '75', '76', '77', '78', '79', '80', '81', '82', '83', '84', '85', '86', '87', '88', '89', '90', '91', '92', '93']","[240, 774, 674, 864, 221, 976, 8, 560, 14, 586, 601, 155, 701, 402, 814, 533, 911, 430, 350, 878, 157, 661, 156, 742, 995, 636, 85, 475, 44, 838, 115, 168, 852, 986, 979, 787, 653, 623, 973, 425, 474, 382, 939, 301, 724, 179, 224, 881, 195, 623, 680, 150, 590, 65, 279, 912, 718, 961, 644, 826, 460, 810, 410, 269, 964, 569, 511, 921, 760, 834, 4, 913, 216, 521, 830, 744, 513, 699, 13, 535, 640, 191, 397, 683, 451, 356, 990, 226, 442, 823, 13, 539, 748, 323]","[149, 717, 478, 919, 280, 435, 353, 2, 98, 420, 652, 78, 2, 122, 194, 533, 976, 891, 675, 594, 897, 342, 999, 792, 626, 542, 733, 988, 639, 957, 396, 747, 760, 654, 24, 343, 58, 355, 84, 780, 346, 8, 582, 800, 421, 105, 778, 59, 648, 208, 454, 102, 28, 251, 131, 302, 851, 91, 713, 909, 905, 570, 976, 49, 585, 706, 659, 102, 967, 635, 153, 769, 696, 1000, 239, 221, 640, 66, 36, 446, 990, 235, 300, 344, 521, 88, 552, 307, 317, 746, 703, 356, 386, 255]",825
"['0', '1', '2', '3', '4', '5', '6', '7', '8', '9', '10', '11', '12', '13', '14', '15', '16', '17', '18', '19', '20', '21', '22', '23', '24', '25', '26', '27', '28', '29', '30', '31', '32', '33', '34', '35', '36', '37', '38', '39', '40', '41', '42', '43', '44', '45', '46', '47']","[627, 59, 366, 472, 459, 552, 381, 77, 754, 500, 550, 218, 263, 330, 641, 798, 773, 653, 947, 995, 441, 391, 611, 506, 414, 67, 996, 524, 669, 120, 870, 998, 406, 777, 706, 744, 339, 27, 548, 485, 425, 818, 108, 101, 637, 657, 162, 742]","[582, 93, 410, 119, 855, 622, 154, 367, 5, 871, 311, 527, 28, 849, 44, 261, 424, 959, 584, 673, 870, 680, 493, 473, 669, 727, 922, 685, 383, 637, 524, 123, 307, 152, 198, 129, 645, 583, 697, 296, 644, 379, 988, 193, 737, 593, 13, 471]",921
"['0', '1', '2', '3', '4', '5', '6', '7', '8', '9', '10', '11', '12', '13', '14', '15']","[514, 772, 873, 869, 392, 438, 136, 544, 357, 794, 477, 38, 918, 31, 298, 206]","[899, 58, 168, 134, 487, 4, 580, 458, 910, 508, 469, 476, 886, 177, 932, 320]",3833
"['0', '1', '2', '3', '4', '5', '6', '7', '8', '9', '10', '11', '12', '13', '14', '15', '16', '17', '18', '19', '20', '21', '22', '23', '24', '25', '26', '27', '28', '29', '30', '31', '32', '33', '34', '35', '36', '37', '38', '39', '40', '41', '42', '43', '44', '45', '46', '47', '48', '49', '50', '51', '52', '53', '54', '55', '56', '57', '58']","[294, 56, 472, 253, 531, 651, 714, 640, 891, 343, 282, 861, 101, 588, 570, 983, 611, 128, 927, 849, 912, 789, 894, 768, 936, 253, 243, 804, 343, 113, 529, 895, 256, 912, 860, 848, 514, 520, 28, 595, 514, 783, 393, 324, 175, 672, 191, 314, 152, 350, 350, 364, 831, 981, 367, 633, 866, 888, 574]","[861, 536, 421, 888, 67, 959, 649, 236, 195, 918, 873, 61, 104, 928, 211, 319, 182, 109, 14, 272, 592, 86, 320, 577, 393, 728, 975, 928, 192, 638, 504, 581, 795, 837, 928, 849, 993, 810, 650, 822, 867, 919, 79, 11, 40, 377, 915, 739, 121, 551, 990, 246, 440, 46, 891, 414, 436, 808, 734]",1857
"['0', '1', '2', '3', '4', '5', '6', '7', '8', '9', '10', '11', '12', '13', '14', '15', '16', '17', '18', '19', '20', '21', '22', '23', '24', '25', '26', '27', '28', '29', '30', '31', '32', '33', '34', '35', '36', '37', '38', '39', '40', '41', '42', '43', '44', '45', '46', '47', '48', '49', '50', '51', '52', '53', '54', '55', '56', '57', '58', '59', '60', '61', '62', '63', '64', '65', '66', '67', '68', '69', '70', '71', '72', '73', '74', '75', '76', '77', '78', '79', '80', '81', '82', '83', '84', '85', '86', '87', '88', '89', '90', '91', '92', '93', '94']","[374, 854, 71, 8, 639, 619, 405, 258, 30, 190, 514, 799, 295, 131, 425, 259, 124, 546, 653, 347, 348, 113, 85, 130, 657, 299, 72, 313, 606, 458, 402, 161, 930, 613, 984, 983, 464, 750, 919, 109, 342, 323, 913, 592, 185, 848, 483, 584, 838, 488, 22, 698, 385, 472, 505, 639, 248, 267, 47, 840, 540, 287, 895, 108, 490, 319, 604, 107, 166, 393, 788, 617, 442, 707, 810, 94, 353, 78, 471, 59, 701, 979, 207, 50, 263, 154, 502, 917, 118, 21, 196, 404, 999, 366, 764]","[471, 423, 750, 692, 956, 426, 61, 946, 493, 656, 521, 382, 906, 559, 205, 692, 201, 235, 212, 339, 517, 505, 626, 207, 938, 990, 358, 699, 346, 397, 393, 797, 201, 838, 219, 990, 789, 269, 295, 507, 711, 454, 820, 331, 367, 566, 166, 277, 123, 172, 340, 663, 990, 691, 553, 202, 206, 6, 147, 200, 246, 635, 331, 709, 803, 215, 765, 271, 762, 966, 380, 771, 538, 746, 47, 189, 29, 673, 491, 864, 889, 918, 395, 171, 65, 99, 109, 716, 26, 445, 578, 846, 344, 462, 779]",4261
"['0', '1', '2', '3', '4', '5', '6', '7', '8', '9', '10', '11', '12', '13', '14', '15', '16', '17', '18', '19', '20', '21', '22', '23', '24', '25', '26', '27', '28', '29', '30', '31', '32', '33', '34', '35', '36', '37', '38', '39', '40', '41', '42', '43', '44', '45', '46', '47', '48', '49', '50', '51', '52', '53', '54', '55', '56', '57', '58', '59', '60', '61', '62', '63', '64', '65', '66', '67', '68', '69', '70', '71', '72', '73', '74', '75', '76', '77', '78', '79']","[608, 915, 981, 692, 443, 419, 155, 166, 885, 535, 399, 76, 622, 841, 511, 16, 90, 401, 992, 539, 57, 807, 815, 716, 484, 364, 489, 511, 70, 81, 195, 677, 14, 169, 980, 719, 394, 176, 639, 198, 985, 266, 988, 845, 363, 852, 9, 609, 429, 740, 714, 539, 859, 408, 875, 11, 435, 168, 259, 873, 449, 845, 261, 137, 942, 643, 423, 617, 292, 741, 447, 17, 636, 85, 887, 918, 723, 516, 560, 324]","[478, 455, 991, 483, 93, 946, 622, 49, 92, 556, 966, 869, 441, 279, 405, 40, 95, 409, 887, 138, 982, 287, 902, 629, 247, 672, 864, 687, 528, 28, 494, 253, 893, 247, 760, 540, 626, 436, 552, 44, 369, 298, 478, 708, 595, 140, 869, 310, 920, 995, 448, 935, 626, 321, 134, 78, 608, 433, 606, 332, 48, 600, 620, 127, 313, 279, 983, 446, 205, 79, 566, 380, 619, 624, 999, 687, 328, 612, 978, 790]",1849
"['0', '1', '2', '3', '4', '5', '6', '7', '8', '9', '10', '11', '12', '13', '14', '15', '16', '17', '18', '19', '20', '21', '22', '23', '24', '25', '26', '27', '28', '29', '30', '31', '32', '33', '34', '35', '36', '37', '38', '39', '40', '41', '42', '43', '44', '45', '46', '47', '48', '49', '50', '51', '52', '53', '54', '55', '56', '57', '58', '59', '60', '61', '62', '63', '64', '65', '66', '67', '68', '69', '70', '71', '72', '73', '74', '75', '76', '77', '78']","[112, 485, 444, 977, 366, 831, 568, 252, 498, 530, 608, 345, 865, 375, 61, 165, 512, 754, 20, 524, 344, 46, 893, 871, 583, 661, 832, 892, 986, 982, 979, 981, 329, 647, 980, 276, 394, 315, 44, 375, 834, 627, 169, 262, 993, 103, 631, 240, 680, 427, 713, 421, 139, 516, 13, 322, 198, 581, 102, 840, 370, 59, 788, 429, 6, 923, 179, 601, 490, 896, 351, 219, 4, 624, 809, 925, 549, 227, 481]","[274, 796, 501, 412, 57, 36, 248, 433, 357, 926, 43, 814, 898, 555, 592, 106, 294, 451, 106, 942, 238, 900, 357, 42, 828, 330, 750, 213, 235, 725, 748, 907, 328, 82, 396, 432, 318, 123, 575, 978, 351, 1, 439, 102, 306, 477, 454, 675, 55, 164, 619, 888, 871, 68, 691, 256, 294, 687, 447, 583, 316, 299, 708, 451, 30, 356, 779, 953, 50, 591, 116, 960, 717, 229, 62, 869, 871, 630, 993]",3668
"['0', '1', '2', '3', '4', '5', '6', '7', '8', '9', '10', '11', '12', '13', '14', '15', '16', '17', '18', '19', '20', '21', '22', '23', '24', '25', '26', '27', '28', '29', '30', '31', '32', '33', '34', '35', '36', '37', '38', '39', '40', '41']","[686, 545, 993, 347, 803, 581, 424, 178, 239, 73, 101, 651, 818, 684, 10, 29, 7, 933, 241, 215, 177, 524, 621, 37, 890, 742, 802, 14, 367, 194, 280, 438, 750, 735, 164, 566, 188, 884, 814, 730, 747, 56]","[379, 963, 199, 546, 469, 590, 784, 395, 686, 522, 681, 556, 538, 139, 250, 540, 633, 46, 229, 137, 434, 641, 145, 867, 165, 179, 642, 101, 97, 490, 975, 98, 609, 484, 612, 237, 415, 826, 100, 753, 701, 825]",4222
"['0', '1', '2', '3', '4', '5', '6', '7', '8', '9', '10', '11', '12', '13', '14']","[99, 534, 496, 695, 199, 376, 122, 729, 876, 112, 774, 459, 853, 995, 986]","[725, 229, 664, 279, 86, 554, 966, 469, 911, 832, 678, 596, 509, 517, 519]",2233
"['0', '1', '2', '3', '4', '5', '6', '7', '8', '9', '10', '11', '12', '13', '14', '15', '16', '17', '18', '19', '20', '21', '22', '23', '24', '25', '26', '27', '28', '29', '30', '31', '32', '33', '34', '35', '36', '37', '38', '39', '40', '41', '42', '43', '44', '45', '46', '47', '48', '49', '50', '51', '52', '53', '54', '55', '56', '57', '58', '59', '60', '61', '62', '63', '64', '65', '66', '67', '68', '69', '70', '71', '72', '73', '74', '75', '76', '77', '78', '79', '80', '81', '82', '83', '84', '85']","[29, 524, 394, 67, 276, 713, 276, 797, 349, 982, 270, 128, 64, 550, 691, 157, 19, 573, 756, 881, 796, 777, 481, 850, 49, 285, 157, 572, 940, 954, 597, 142, 445, 787, 482, 170, 153, 285, 265, 886, 226, 156, 663, 403, 515, 907, 965, 183, 377, 72, 787, 618, 44, 410, 90, 389, 69, 109, 742, 378, 724, 396, 530, 605, 816, 926, 100, 872, 347, 314, 717, 565, 55, 174, 306, 221, 937, 220, 292, 706, 38, 405, 300, 485, 848, 278]","[81, 356, 126, 394, 851, 486, 882, 447, 683, 850, 182, 857, 410, 841, 971, 552, 211, 767, 327, 175, 298, 630, 824, 380, 433, 719, 291, 472, 398, 108, 999, 295, 996, 531, 126, 371, 826, 789, 342, 111, 396, 352, 36, 539, 602, 26, 486, 53, 661, 771, 449, 814, 827, 137, 613, 684, 85, 157, 875, 702, 662, 513, 981, 596, 711, 406, 693, 983, 830, 624, 497, 23, 269, 272, 338, 186, 254, 414, 756, 635, 676, 94, 681, 968, 80, 902]",3964
"['0', '1', '2', '3', '4', '5', '6', '7', '8', '9', '10', '11', '12', '13', '14', '15', '16', '17', '18', '19', '20', '21', '22', '23', '24', '25', '26', '27', '28', '29', '30', '31', '32', '33', '34', '35', '36', '37', '38', '39', '40', '41', '42', '43', '44', '45', '46', '47', '48', '49', '50', '51', '52', '53', '54', '55', '56', '57', '58', '59', '60', '61', '62', '63', '64', '65', '66', '67', '68', '69', '70', '71', '72', '73', '74', '75', '76', '77', '78', '79', '80', '81', '82', '83', '84', '85', '86', '87', '88', '89', '90', '91', '92', '93', '94', '95', '96', '97']","[17, 668, 709, 93, 631, 918, 156, 241, 950, 585, 522, 369, 773, 462, 681, 241, 432, 570, 620, 318, 982, 151, 335, 764, 992, 694, 732, 101, 34, 818, 677, 840, 365, 252, 583, 540, 112, 488, 879, 936, 759, 250, 197, 947, 695, 262, 575, 850, 231, 396, 345, 49, 986, 868, 574, 622, 149, 635, 972, 330, 993, 536, 520, 642, 458, 896, 243, 285, 473, 410, 125, 134, 103, 946, 350, 197, 72, 645, 894, 927, 97, 198, 419, 503, 877, 549, 733, 964, 362, 606, 299, 609, 522, 991, 542, 514, 816, 373]","[444, 611, 395, 998, 166, 122, 378, 101, 114, 710, 178, 408, 261, 113, 28, 73, 344, 546, 214, 459, 488, 652, 717, 913, 976, 748, 734, 640, 823, 11, 137, 257, 137, 394, 824, 524, 894, 55, 247, 671, 533, 364, 468, 634, 445, 544, 586, 243, 42, 983, 53, 749, 931, 738, 833, 827, 980, 899, 399, 114, 242, 890, 40, 365, 21, 705, 428, 149, 3, 889, 811, 202, 8, 840, 421, 827, 303, 922, 726, 95, 57, 448, 505, 146, 675, 768, 637, 313, 579, 164, 211, 585, 57, 495, 484, 564, 931, 687]",2725
"['0', '1', '2', '3', '4', '5', '6', '7', '8', '9', '10', '11', '12']","[451, 463, 667, 736, 627, 297, 723, 803, 359, 256, 851, 63, 345]","[172, 478, 311, 366, 853, 78, 887, 611, 317, 568, 39, 282, 46]",2760
"['0', '1', '2', '3', '4', '5', '6', '7', '8', '9', '10', '11', '12', '13', '14', '15', '16', '17', '18', '19', '20', '21', '22', '23', '24', '25', '26', '27', '28', '29', '30', '31', '32', '33', '34', '35', '36', '37', '38', '39', '40', '41', '42', '43', '44', '45', '46', '47', '48', '49', '50', '51', '52', '53', '54', '55', '56', '57', '58', '59', '60', '61', '62', '63', '64', '65', '66', '67', '68', '69', '70', '71', '72', '73', '74', '75', '76', '77', '78', '79', '80', '81', '82', '83', '84', '85', '86', '87', '88', '89']","[236, 741, 883, 668, 196, 467, 55, 853, 928, 457, 295, 54, 120, 557, 470, 423, 528, 146, 836, 172, 351, 462, 740, 820, 119, 868, 105, 467, 712, 280, 35, 386, 314, 868, 236, 869, 792, 169, 985, 11, 237, 935, 148, 116, 149, 855, 317, 783, 373, 508, 765, 470, 119, 434, 697, 860, 367, 152, 58, 188, 532, 201, 743, 312, 411, 751, 770, 165, 535, 353, 132, 1, 521, 221, 979, 610, 159, 68, 642, 726, 779, 703, 240, 82, 25, 359, 604, 151, 540, 178]","[387, 871, 37, 875, 886, 267, 98, 568, 988, 68, 55, 982, 770, 137, 358, 453, 800, 344, 887, 959, 37, 684, 749, 736, 940, 69, 270, 638, 461, 126, 15, 686, 247, 710, 643, 792, 537, 196, 159, 688, 702, 834, 284, 919, 701, 800, 358, 448, 817, 889, 776, 510, 465, 157, 809, 247, 727, 821, 415, 529, 750, 548, 194, 773, 558, 422, 328, 922, 604, 590, 484, 602, 567, 112, 163, 307, 472, 6, 191, 570, 977, 817, 222, 484, 901, 451, 674, 848, 553, 249]",3962
"['0', '1', '2', '3', '4', '5', '6', '7', '8', '9', '10', '11', '12', '13', '14', '15', '16', '17', '18', '19', '20', '21', '22', '23', '24', '25', '26', '27', '28', '29', '30', '31', '32', '33', '34', '35', '36', '37', '38', '39', '40', '41', '42', '43', '44', '45', '46', '47', '48', '49', '50', '51', '52', '53', '54']","[571, 820, 18, 462, 749, 627, 63, 626, 663, 194, 770, 739, 565, 905, 481, 895, 805, 942, 571, 65, 671, 288, 464, 520, 885, 124, 716, 154, 367, 378, 688, 840, 815, 462, 151, 54, 85, 153, 480, 486, 281, 852, 610, 575, 551, 630, 10, 54, 665, 679, 944, 86, 947, 579, 736]","[122, 213, 938, 185, 199, 306, 205, 70, 665, 149, 300, 216, 732, 562, 998, 912, 235, 219, 332, 556, 323, 641, 506, 715, 196, 631, 225, 343, 178, 45, 241, 29, 665, 599, 644, 257, 292, 750, 162, 730, 307, 658, 800, 877, 5, 128, 680, 241, 317, 264, 669, 916, 223, 530, 446]",698
"['0', '1', '2', '3', '4', '5', '6', '7', '8', '9', '10', '11', '12', '13']","[732, 493, 171, 53, 599, 388, 764, 288, 684, 263, 445, 231, 409, 226]","[171, 626, 381, 619, 480, 395, 385, 850, 964, 147, 821, 466, 568, 253]",4831
"['0', '1', '2', '3', '4', '5', '6', '7', '8', '9', '10', '11', '12', '13', '14', '15', '16', '17', '18', '19', '20', '21', '22', '23', '24', '25', '26', '27', '28', '29', '30', '31', '32', '33', '34', '35', '36', '37', '38', '39', '40', '41', '42', '43', '44', '45', '46', '47', '48', '49', '50', '51', '52', '53', '54', '55', '56', '57', '58', '59', '60', '61', '62', '63', '64', '65', '66', '67']","[552, 90, 89, 68, 529, 503, 905, 383, 883, 634, 155, 22, 357, 315, 510, 814, 811, 881, 670, 848, 538, 882, 525, 149, 357, 609, 455, 387, 909, 659, 103, 239, 357, 729, 443, 414, 545, 260, 932, 537, 374, 486, 915, 874, 401, 396, 829, 488, 665, 484, 95, 965, 620, 756, 575, 181, 401, 35, 262, 965, 506, 962, 861, 883, 16, 757, 638, 823]","[292, 69, 223, 324, 45, 329, 402, 651, 741, 229, 624, 530, 258, 185, 44, 221, 459, 729, 886, 733, 167, 519, 553, 432, 835, 410, 435, 64, 619, 637, 873, 766, 343, 580, 733, 773, 177, 374, 398, 922, 872, 71, 251, 492, 621, 388, 850, 376, 651, 998, 991, 28, 444, 500, 275, 342, 269, 705, 930, 440, 412, 339, 689, 402, 420, 669, 171, 240]",2619
"['0', '1', '2', '3', '4', '5', '6', '7', '8', '9', '10', '11', '12', '13', '14', '15', '16', '17', '18', '19', '20', '21', '22', '23', '24', '25', '26', '27', '28', '29', '30', '31', '32', '33', '34', '35', '36', '37', '38', '39', '40', '41', '42', '43', '44', '45', '46', '47', '48', '49', '50', '51', '52', '53', '54', '55', '56', '57', '58', '59']","[918, 461, 121, 223, 792, 618, 419, 195, 203, 107, 554, 370, 395, 58, 997, 763, 776, 715, 291, 582, 556, 958, 480, 713, 603, 44, 785, 961, 215, 129, 684, 794, 89, 149, 410, 436, 136, 486, 89, 49, 102, 807, 989, 952, 965, 843, 707, 408, 752, 701, 142, 932, 625, 70, 921, 64, 128, 311, 908, 334]","[559, 281, 741, 322, 904, 589, 723, 521, 178, 119, 306, 815, 155, 48, 664, 356, 263, 663, 215, 293, 904, 357, 115, 917, 779, 112, 968, 169, 581, 390, 320, 197, 93, 911, 630, 862, 708, 484, 683, 321, 442, 483, 462, 509, 196, 973, 215, 920, 536, 998, 916, 213, 413, 861, 40, 440, 183, 944, 848, 699]",2280
"['0', '1', '2', '3', '4', '5', '6', '7', '8', '9', '10', '11', '12', '13', '14', '15', '16', '17', '18', '19', '20', '21', '22', '23', '24', '25', '26', '27', '28', '29', '30', '31', '32']","[139, 354, 479, 355, 317, 605, 773, 434, 874, 835, 655, 29, 907, 72, 57, 481, 101, 35, 979, 709, 467, 769, 142, 547, 19, 880, 239, 339, 189, 955, 446, 283, 859]","[470, 215, 935, 107, 505, 509, 215, 869, 574, 185, 754, 638, 148, 962, 869, 839, 152, 422, 831, 614, 268, 524, 50, 653, 753, 84, 255, 102, 943, 237, 115, 301, 868]",523
"['0', '1', '2', '3', '4', '5', '6', '7', '8', '9', '10', '11', '12', '13', '14', '15', '16', '17', '18', '19', '20', '21', '22', '23', '24', '25', '26', '27', '28', '29', '30', '31', '32', '33', '34', '35', '36', '37', '38', '39', '40', '41', '42', '43', '44', '45', '46', '47', '48', '49', '50', '51', '52', '53', '54', '55', '56', '57', '58', '59', '60', '61', '62', '63', '64', '65', '66', '67', '68', '69', '70', '71', '72', '73', '74', '75', '76', '77', '78', '79', '80', '81', '82', '83', '84', '85', '86', '87', '88', '89', '90', '91', '92', '93', '94', '95', '96']","[128, 817, 125, 331, 399, 905, 416, 288, 166, 538, 435, 645, 132, 925, 75, 151, 59, 544, 346, 265, 867, 246, 2, 756, 573, 951, 660, 24, 789, 234, 910, 639, 97, 382, 759, 789, 531, 370, 79, 766, 573, 32, 375, 119, 484, 199, 75, 317, 735, 320, 1000, 132, 941, 564, 860, 852, 949, 878, 932, 483, 218, 18, 769, 368, 230, 165, 676, 612, 633, 86, 547, 145, 913, 423, 422, 46, 582, 138, 263, 219, 414, 34, 420, 320, 355, 105, 910, 708, 178, 365, 34, 52, 508, 876, 601, 220, 39]","[806, 82, 593, 154, 626, 11, 433, 427, 663, 986, 553, 237, 286, 983, 322, 614, 446, 326, 598, 472, 937, 972, 649, 369, 622, 296, 948, 828, 360, 751, 573, 902, 195, 722, 142, 538, 126, 481, 916, 187, 456, 12, 483, 957, 703, 802, 643, 374, 945, 344, 486, 122, 671, 826, 28, 502, 273, 390, 477, 390, 87, 668, 109, 561, 261, 915, 32, 854, 196, 282, 526, 1000, 308, 146, 497, 171, 531, 804, 682, 86, 600, 30, 963, 451, 57, 517, 296, 75, 549, 836, 109, 214, 539, 173, 846, 20, 6]",2445
"['0', '1', '2', '3', '4', '5', '6', '7', '8', '9', '10', '11', '12', '13', '14', '15', '16', '17', '18', '19', '20', '21', '22', '23', '24', '25', '26', '27', '28', '29', '30', '31', '32', '33', '34', '35', '36', '37', '38', '39', '40', '41', '42', '43', '44', '45', '46', '47', '48', '49', '50', '51', '52', '53', '54', '55', '56', '57', '58', '59', '60', '61', '62', '63', '64', '65', '66', '67', '68', '69', '70', '71', '72', '73', '74', '75', '76']","[322, 592, 410, 784, 345, 300, 292, 739, 16, 529, 353, 879, 232, 923, 88, 633, 628, 622, 963, 81, 409, 906, 530, 149, 684, 443, 782, 249, 688, 734, 674, 421, 889, 419, 186, 776, 426, 513, 547, 621, 598, 718, 775, 288, 250, 474, 706, 719, 826, 554, 101, 293, 71, 905, 946, 853, 871, 307, 853, 352, 464, 354, 490, 752, 628, 120, 954, 456, 969, 676, 490, 522, 699, 740, 186, 26, 207]","[522, 526, 321, 929, 633, 313, 81, 408, 814, 610, 495, 595, 422, 128, 351, 19, 423, 349, 69, 638, 742, 951, 922, 96, 329, 334, 689, 349, 544, 331, 606, 3, 436, 367, 956, 318, 240, 534, 231, 293, 627, 705, 721, 581, 875, 179, 783, 179, 878, 328, 2, 295, 571, 764, 866, 776, 376, 599, 990, 923, 146, 725, 769, 207, 334, 197, 917, 981, 264, 140, 293, 450, 543, 22, 170, 200, 512]",547
"['0', '1', '2', '3', '4', '5', '6', '7', '8', '9', '10', '11', '12', '13', '14', '15', '16', '17', '18', '19', '20', '21', '22', '23', '24', '25', '26', '27', '28', '29', '30', '31', '32', '33', '34', '35', '36', '37', '38', '39', '40', '41', '42', '43', '44']","[602, 251, 470, 791, 772, 212, 172, 595, 992, 795, 530, 404, 554, 499, 408, 199, 774, 803, 484, 589, 335, 960, 859, 552, 71, 652, 629, 450, 164, 973, 360, 790, 900, 399, 44, 515, 511, 979, 632, 166, 353, 509, 475, 270, 105]","[822, 804, 709, 425, 807, 633, 651, 117, 241, 8, 533, 337, 907, 321, 450, 193, 596, 617, 672, 833, 39, 477, 706, 415, 648, 228, 211, 827, 17, 946, 2, 787, 281, 438, 962, 219, 53, 253, 720, 696, 70, 520, 101, 828, 6]",4351
"['0', '1', '2', '3', '4', '5', '6', '7', '8', '9', '10', '11', '12', '13', '14', '15', '16', '17', '18', '19', '20', '21', '22', '23', '24', '25', '26', '27', '28', '29', '30', '31', '32', '33', '34', '35', '36', '37', '38', '39', '40', '41', '42', '43', '44', '45', '46', '47', '48', '49', '50', '51', '52', '53', '54', '55', '56', '57', '58', '59', '60', '61', '62', '63', '64', '65', '66', '67', '68', '69', '70', '71', '72', '73', '74', '75', '76', '77', '78', '79', '80', '81', '82', '83', '84', '85', '86', '87', '88', '89', '90', '91', '92', '93', '94', '95', '96', '97', '98', '99']","[687, 238, 108, 902, 329, 123, 724, 863, 417, 456, 799, 55, 57, 705, 7, 691, 53, 712, 360, 723, 503, 772, 673, 992, 934, 470, 340, 62, 86, 324, 219, 52, 208, 45, 55, 317, 901, 271, 496, 597, 790, 659, 472, 662, 252, 962, 483, 818, 25, 349, 490, 855, 751, 651, 841, 121, 403, 756, 909, 615, 477, 148, 110, 114, 318, 827, 844, 94, 576, 670, 913, 404, 122, 185, 559, 584, 65, 491, 736, 219, 873, 563, 843, 605, 173, 920, 482, 102, 327, 782, 7, 910, 818, 381, 262, 344, 205, 652, 117, 751]","[442, 825, 621, 695, 8, 799, 178, 733, 497, 342, 3, 366, 134, 886, 200, 81, 838, 400, 342, 849, 99, 759, 552, 931, 858, 845, 486, 91, 103, 118, 916, 540, 487, 198, 504, 925, 86, 865, 116, 641, 684, 589, 44, 133, 50, 178, 40, 449, 914, 841, 886, 293, 139, 674, 996, 713, 711, 150, 758, 64, 51, 186, 675, 29, 332, 50, 490, 871, 104, 22, 928, 95, 866, 163, 778, 455, 188, 65, 881, 991, 790, 640, 804, 55, 331, 222, 834, 910, 4, 79, 85, 332, 232, 801, 110, 74, 559, 677, 147, 801]",2648
"['0', '1', '2', '3', '4', '5', '6', '7', '8', '9', '10', '11', '12', '13', '14', '15', '16', '17', '18', '19', '20', '21', '22', '23', '24', '25', '26', '27', '28']","[445, 139, 10, 846, 287, 539, 348, 913, 880, 189, 876, 619, 328, 694, 328, 346, 217, 305, 58, 249, 791, 964, 496, 705, 431, 495, 220, 374, 941]","[171, 263, 170, 105, 737, 150, 667, 458, 671, 50, 99, 144, 468, 48, 513, 549, 996, 527, 147, 989, 498, 421, 757, 768, 793, 677, 900, 62, 383]",2757
"['0', '1', '2', '3', '4', '5', '6', '7', '8', '9', '10', '11', '12', '13', '14', '15', '16', '17', '18', '19', '20', '21', '22', '23', '24', '25', '26', '27', '28', '29', '30', '31', '32', '33', '34', '35', '36', '37', '38', '39', '40', '41', '42', '43']","[327, 475, 144, 842, 380, 271, 493, 75, 298, 47, 527, 409, 641, 399, 591, 269, 259, 803, 393, 578, 397, 540, 753, 987, 397, 681, 905, 324, 253, 47, 347, 738, 335, 680, 580, 340, 66, 726, 206, 333, 642, 363, 541, 923]","[375, 309, 1, 913, 955, 399, 863, 603, 538, 29, 223, 704, 449, 452, 691, 965, 236, 353, 544, 429, 148, 471, 584, 694, 766, 438, 180, 158, 989, 483, 647, 341, 987, 603, 539, 9, 662, 956, 785, 100, 748, 25, 487, 667]",558
"['0', '1', '2', '3', '4', '5', '6', '7', '8', '9', '10', '11', '12', '13']","[652, 675, 890, 258, 827, 633, 899, 599, 95, 829, 84, 518, 284, 528]","[965, 411, 48, 721, 485, 934, 456, 302, 400, 192, 598, 163, 440, 282]",4828
"['0', '1', '2', '3', '4', '5', '6', '7', '8', '9', '10', '11', '12', '13', '14', '15', '16', '17', '18', '19', '20', '21', '22', '23', '24', '25', '26', '27', '28', '29', '30', '31', '32', '33', '34', '35', '36', '37', '38', '39', '40', '41', '42', '43', '44', '45', '46', '47', '48', '49', '50', '51', '52', '53', '54', '55', '56', '57', '58', '59', '60', '61']","[898, 274, 431, 226, 86, 507, 408, 956, 103, 358, 546, 634, 147, 589, 663, 209, 948, 598, 176, 188, 682, 753, 351, 724, 511, 574, 28, 113, 340, 187, 341, 465, 522, 458, 104, 582, 203, 580, 637, 234, 909, 916, 313, 152, 995, 424, 176, 248, 1000, 959, 866, 683, 646, 694, 128, 466, 330, 797, 131, 907, 625, 676]","[505, 599, 502, 299, 301, 531, 428, 992, 459, 364, 966, 444, 908, 821, 391, 642, 264, 485, 455, 120, 166, 504, 242, 941, 600, 358, 346, 160, 651, 610, 815, 479, 644, 437, 341, 75, 275, 492, 299, 263, 680, 799, 520, 675, 254, 32, 666, 655, 880, 453, 597, 372, 312, 521, 981, 617, 89, 646, 514, 149, 959, 412]",2369
"['0', '1', '2', '3', '4', '5', '6', '7', '8', '9', '10', '11', '12', '13', '14', '15', '16', '17', '18', '19', '20', '21', '22', '23', '24', '25', '26', '27', '28', '29', '30', '31', '32', '33', '34', '35', '36', '37', '38', '39', '40', '41', '42', '43', '44', '45', '46', '47', '48', '49', '50', '51', '52', '53', '54', '55', '56', '57', '58', '59', '60', '61', '62', '63']","[145, 135, 834, 87, 545, 202, 302, 179, 544, 216, 602, 455, 590, 407, 60, 775, 483, 730, 610, 260, 173, 859, 873, 110, 710, 928, 375, 506, 76, 293, 397, 60, 844, 625, 752, 924, 912, 114, 316, 214, 791, 34, 143, 367, 388, 52, 527, 515, 221, 340, 382, 978, 274, 403, 791, 369, 504, 761, 839, 126, 485, 114, 421, 840]","[807, 46, 320, 673, 393, 930, 721, 462, 711, 240, 827, 301, 961, 263, 708, 118, 322, 64, 868, 855, 358, 689, 77, 90, 153, 585, 937, 749, 892, 536, 175, 373, 460, 624, 197, 990, 980, 718, 835, 830, 546, 211, 512, 474, 738, 28, 956, 352, 680, 328, 838, 196, 97, 458, 644, 568, 921, 723, 316, 854, 347, 690, 263, 78]",3698
"['0', '1', '2', '3', '4', '5', '6', '7', '8', '9', '10', '11', '12', '13', '14', '15', '16', '17', '18', '19', '20', '21', '22', '23', '24', '25', '26', '27', '28', '29', '30', '31', '32']","[453, 514, 869, 726, 562, 729, 561, 503, 289, 849, 464, 590, 532, 261, 254, 668, 484, 198, 514, 124, 955, 356, 632, 342, 269, 222, 963, 981, 260, 982, 916, 495, 30]","[106, 240, 631, 273, 150, 379, 153, 867, 273, 60, 638, 535, 897, 318, 32, 151, 238, 580, 30, 955, 616, 690, 334, 743, 319, 545, 277, 746, 723, 151, 969, 566, 296]",3782
"['0', '1', '2', '3', '4', '5', '6', '7', '8', '9', '10', '11', '12', '13', '14', '15', '16', '17', '18', '19', '20', '21', '22', '23', '24', '25', '26', '27', '28', '29', '30', '31', '32', '33', '34', '35', '36', '37', '38', '39', '40', '41', '42', '43', '44', '45', '46', '47', '48', '49', '50', '51', '52', '53', '54', '55', '56', '57', '58', '59', '60', '61', '62', '63', '64', '65', '66', '67', '68', '69', '70', '71']","[86, 477, 669, 53, 858, 827, 635, 6, 337, 695, 615, 790, 249, 803, 217, 351, 426, 474, 489, 773, 522, 644, 555, 847, 182, 686, 845, 593, 794, 201, 71, 71, 458, 510, 212, 926, 547, 28, 129, 752, 974, 810, 447, 164, 760, 224, 713, 937, 786, 531, 97, 81, 106, 658, 715, 891, 222, 868, 200, 740, 397, 933, 471, 349, 137, 44, 710, 810, 832, 892, 836, 604]","[563, 356, 972, 595, 866, 658, 284, 535, 41, 896, 890, 665, 916, 834, 586, 196, 754, 814, 901, 893, 13, 360, 191, 816, 810, 984, 719, 338, 888, 885, 100, 640, 540, 949, 314, 527, 781, 133, 785, 452, 128, 715, 956, 452, 264, 137, 349, 771, 400, 243, 992, 265, 354, 322, 857, 797, 784, 648, 713, 462, 15, 325, 612, 905, 64, 997, 719, 148, 94, 256, 975, 957]",2756
"['0', '1', '2', '3', '4', '5', '6', '7', '8', '9', '10', '11', '12', '13', '14', '15', '16', '17', '18', '19', '20', '21', '22', '23', '24', '25', '26', '27', '28', '29', '30', '31', '32', '33', '34', '35', '36', '37', '38', '39', '40', '41', '42', '43', '44', '45']","[797, 597, 800, 34, 142, 131, 569, 689, 452, 283, 898, 615, 282, 781, 570, 152, 981, 46, 334, 204, 837, 921, 781, 968, 856, 482, 816, 412, 280, 949, 855, 768, 6, 577, 40, 38, 191, 825, 866, 125, 86, 859, 82, 971, 735, 665]","[900, 438, 325, 782, 602, 808, 899, 395, 434, 725, 457, 793, 454, 333, 502, 572, 607, 594, 720, 338, 49, 343, 517, 557, 195, 24, 201, 620, 363, 691, 303, 131, 535, 329, 246, 553, 177, 684, 324, 798, 880, 261, 808, 650, 82, 71]",2672
"['0', '1', '2', '3', '4', '5', '6', '7', '8', '9', '10', '11', '12', '13', '14', '15', '16', '17', '18', '19', '20', '21', '22', '23', '24', '25', '26', '27', '28', '29', '30', '31', '32', '33', '34', '35', '36', '37', '38', '39', '40', '41', '42', '43', '44', '45', '46', '47', '48', '49', '50', '51', '52', '53', '54', '55', '56', '57', '58', '59', '60', '61']","[879, 84, 727, 596, 707, 402, 971, 469, 940, 442, 467, 676, 718, 763, 170, 124, 190, 335, 348, 170, 120, 849, 294, 144, 778, 721, 797, 290, 798, 237, 341, 746, 606, 607, 485, 959, 515, 245, 822, 335, 852, 643, 937, 226, 988, 657, 479, 576, 233, 522, 737, 463, 243, 748, 513, 762, 752, 322, 165, 607, 975, 339]","[35, 203, 604, 27, 876, 440, 508, 200, 403, 566, 133, 307, 273, 164, 329, 750, 730, 956, 87, 831, 602, 643, 195, 316, 635, 93, 742, 935, 200, 674, 349, 216, 529, 244, 142, 854, 373, 488, 33, 772, 781, 609, 727, 954, 720, 556, 408, 290, 1000, 937, 725, 336, 384, 801, 770, 78, 987, 278, 967, 579, 886, 699]",3599
"['0', '1', '2', '3', '4', '5', '6', '7', '8', '9', '10', '11', '12', '13', '14', '15', '16', '17', '18', '19', '20', '21', '22', '23', '24', '25', '26', '27', '28', '29', '30', '31', '32', '33', '34', '35', '36', '37', '38', '39', '40', '41']","[845, 981, 629, 325, 259, 841, 488, 102, 547, 345, 395, 321, 957, 700, 620, 352, 518, 71, 250, 791, 892, 231, 887, 366, 150, 636, 75, 951, 579, 874, 671, 908, 66, 953, 452, 310, 22, 428, 842, 572, 871, 553]","[749, 630, 163, 109, 547, 387, 581, 954, 336, 609, 183, 439, 851, 486, 523, 387, 347, 233, 306, 178, 189, 531, 985, 972, 481, 268, 947, 851, 508, 941, 184, 778, 75, 113, 236, 423, 795, 548, 346, 141, 791, 471]",4334
"['0', '1', '2', '3', '4', '5', '6', '7', '8', '9', '10', '11', '12', '13', '14', '15', '16', '17', '18']","[212, 210, 417, 87, 453, 341, 576, 69, 768, 703, 377, 477, 225, 582, 700, 652, 124, 41, 671]","[398, 480, 269, 827, 121, 273, 705, 90, 21, 673, 882, 928, 208, 897, 572, 913, 296, 819, 680]",2819
"['0', '1', '2', '3', '4', '5', '6', '7', '8', '9', '10', '11', '12', '13', '14']","[374, 702, 883, 287, 537, 317, 666, 327, 503, 401, 950, 897, 301, 193, 981]","[799, 112, 69, 866, 576, 24, 455, 893, 802, 653, 495, 843, 798, 351, 748]",1085
"['0', '1', '2', '3', '4', '5', '6', '7', '8', '9', '10', '11', '12', '13', '14', '15', '16', '17', '18', '19', '20', '21', '22', '23', '24', '25', '26', '27', '28', '29', '30', '31', '32', '33', '34', '35', '36', '37', '38', '39', '40', '41', '42', '43', '44', '45', '46', '47', '48', '49', '50', '51', '52', '53', '54', '55', '56', '57', '58', '59', '60', '61', '62', '63', '64', '65', '66', '67', '68', '69', '70', '71', '72', '73', '74', '75', '76', '77', '78', '79', '80', '81', '82', '83', '84', '85']","[237, 466, 802, 967, 815, 626, 878, 448, 719, 752, 312, 560, 129, 11, 76, 360, 145, 891, 727, 309, 915, 395, 19, 197, 400, 825, 869, 556, 779, 973, 726, 719, 658, 22, 512, 778, 990, 830, 228, 20, 587, 904, 217, 461, 281, 195, 989, 149, 157, 800, 66, 456, 873, 201, 211, 791, 977, 26, 93, 545, 564, 676, 792, 145, 16, 958, 263, 574, 661, 2, 480, 226, 176, 601, 107, 804, 451, 42, 4, 690, 949, 433, 944, 679, 409, 633]","[407, 495, 830, 701, 701, 712, 475, 458, 590, 935, 460, 137, 508, 735, 307, 480, 392, 564, 698, 63, 170, 979, 850, 540, 747, 694, 574, 288, 613, 472, 572, 513, 998, 109, 318, 136, 284, 675, 913, 43, 156, 838, 969, 776, 198, 765, 959, 230, 12, 791, 928, 282, 595, 279, 569, 941, 532, 697, 985, 961, 978, 914, 761, 593, 22, 426, 88, 802, 600, 290, 826, 548, 725, 217, 251, 40, 818, 52, 633, 560, 116, 722, 873, 396, 832, 453]",2731
"['0', '1', '2', '3', '4', '5', '6', '7', '8', '9', '10', '11', '12', '13', '14', '15', '16', '17']","[654, 512, 813, 827, 498, 772, 585, 854, 795, 683, 154, 371, 751, 961, 861, 580, 758, 860]","[607, 329, 17, 761, 186, 432, 284, 723, 172, 629, 909, 964, 195, 832, 707, 352, 773, 200]",3599
"['0', '1', '2', '3', '4', '5', '6', '7', '8', '9', '10', '11', '12', '13', '14', '15', '16', '17', '18', '19', '20', '21', '22', '23', '24', '25', '26', '27', '28', '29', '30', '31', '32', '33', '34', '35', '36', '37', '38', '39', '40', '41', '42', '43', '44', '45', '46', '47', '48', '49', '50', '51', '52', '53', '54', '55', '56', '57', '58']","[772, 884, 522, 233, 577, 734, 165, 971, 24, 842, 334, 513, 702, 182, 570, 111, 727, 439, 33, 41, 213, 227, 305, 387, 94, 966, 227, 324, 305, 585, 387, 611, 223, 655, 210, 897, 600, 9, 484, 569, 189, 18, 6, 292, 591, 299, 532, 534, 604, 927, 13, 285, 913, 894, 469, 719, 843, 120, 362]","[988, 771, 782, 133, 832, 206, 47, 701, 874, 656, 23, 494, 948, 471, 544, 270, 66, 944, 88, 65, 507, 645, 85, 348, 864, 329, 801, 400, 838, 461, 751, 364, 924, 620, 234, 771, 351, 577, 756, 377, 213, 852, 873, 992, 15, 70, 18, 963, 209, 180, 762, 876, 725, 620, 200, 124, 787, 197, 97]",1673
"['0', '1', '2', '3', '4', '5', '6', '7', '8', '9', '10', '11', '12', '13', '14', '15', '16', '17', '18', '19', '20', '21', '22', '23', '24', '25', '26', '27', '28', '29', '30', '31', '32', '33', '34', '35', '36', '37', '38', '39', '40', '41', '42', '43', '44']","[28, 184, 670, 815, 134, 51, 193, 229, 674, 291, 24, 266, 940, 761, 818, 644, 975, 538, 420, 550, 77, 277, 732, 387, 215, 75, 47, 523, 836, 957, 62, 68, 181, 335, 786, 125, 330, 692, 195, 894, 403, 257, 862, 941, 480]","[81, 862, 255, 141, 691, 457, 531, 74, 20, 412, 554, 655, 545, 357, 594, 848, 724, 822, 475, 117, 539, 833, 35, 940, 460, 521, 617, 536, 39, 985, 796, 506, 8, 236, 715, 969, 90, 735, 389, 267, 353, 269, 743, 295, 832]",3937
"['0', '1', '2', '3', '4', '5', '6', '7', '8', '9', '10', '11', '12', '13', '14', '15', '16', '17', '18', '19']","[909, 108, 144, 770, 858, 977, 45, 73, 701, 124, 380, 290, 867, 952, 552, 752, 86, 105, 84, 434]","[524, 953, 22, 309, 574, 703, 466, 971, 557, 761, 7, 856, 116, 818, 959, 460, 998, 329, 158, 603]",3509
"['0', '1', '2', '3', '4', '5', '6', '7', '8', '9', '10', '11', '12', '13', '14', '15', '16', '17', '18', '19', '20', '21', '22', '23', '24', '25', '26', '27', '28', '29', '30', '31', '32', '33', '34', '35', '36', '37']","[108, 847, 153, 678, 490, 200, 314, 639, 421, 719, 584, 175, 279, 145, 710, 214, 876, 740, 475, 549, 619, 91, 932, 938, 219, 775, 681, 293, 849, 755, 749, 87, 596, 856, 963, 11, 172, 804]","[351, 576, 565, 392, 730, 639, 21, 208, 373, 620, 467, 952, 636, 99, 242, 437, 950, 105, 742, 800, 98, 37, 881, 874, 861, 439, 72, 868, 765, 637, 390, 942, 149, 298, 509, 859, 901, 915]",1428
"['0', '1', '2', '3', '4', '5', '6', '7', '8', '9', '10', '11', '12', '13', '14', '15', '16', '17', '18', '19', '20', '21', '22', '23', '24', '25', '26', '27', '28', '29', '30', '31', '32', '33', '34', '35', '36', '37', '38', '39', '40', '41', '42', '43', '44', '45', '46', '47', '48', '49', '50', '51', '52', '53', '54', '55', '56', '57', '58', '59', '60']","[487, 947, 390, 462, 381, 301, 654, 853, 723, 519, 804, 720, 619, 808, 768, 481, 501, 870, 228, 997, 62, 398, 691, 20, 84, 190, 459, 14, 922, 446, 57, 559, 742, 606, 536, 518, 199, 147, 165, 40, 998, 31, 444, 388, 623, 674, 111, 722, 756, 605, 799, 78, 798, 222, 106, 226, 902, 470, 853, 100, 803]","[1, 999, 98, 505, 329, 872, 871, 862, 899, 109, 681, 515, 609, 506, 728, 920, 99, 87, 252, 933, 686, 175, 140, 638, 232, 510, 784, 997, 84, 579, 275, 756, 768, 727, 655, 49, 445, 254, 718, 898, 245, 38, 605, 807, 891, 216, 428, 49, 744, 150, 702, 100, 209, 293, 682, 813, 652, 887, 761, 236, 847]",1641
"['0', '1', '2', '3', '4', '5', '6', '7', '8', '9', '10', '11', '12', '13', '14', '15', '16', '17', '18', '19', '20', '21', '22', '23', '24', '25', '26', '27', '28', '29', '30', '31', '32', '33', '34', '35', '36', '37', '38', '39', '40', '41', '42', '43', '44', '45', '46', '47', '48', '49', '50', '51', '52', '53', '54', '55', '56', '57', '58', '59', '60', '61', '62', '63']","[320, 348, 642, 930, 470, 844, 460, 876, 1000, 680, 299, 676, 668, 312, 221, 790, 661, 862, 906, 324, 413, 760, 953, 542, 646, 80, 518, 71, 957, 825, 252, 36, 255, 444, 180, 584, 538, 790, 243, 962, 734, 126, 264, 459, 953, 283, 278, 138, 834, 384, 526, 896, 922, 61, 730, 330, 609, 528, 738, 367, 668, 913, 301, 750]","[414, 305, 358, 254, 257, 951, 784, 157, 759, 707, 731, 516, 854, 629, 864, 356, 343, 665, 86, 243, 63, 918, 59, 824, 638, 731, 38, 49, 428, 622, 347, 784, 848, 56, 954, 892, 862, 839, 271, 425, 782, 98, 925, 302, 443, 696, 172, 822, 300, 479, 217, 58, 998, 568, 631, 542, 486, 708, 83, 75, 740, 820, 829, 844]",3936
"['0', '1', '2', '3', '4', '5', '6', '7', '8', '9', '10', '11', '12', '13', '14', '15', '16', '17', '18', '19', '20', '21']","[187, 813, 719, 407, 297, 833, 559, 767, 673, 376, 67, 877, 416, 656, 180, 708, 597, 619, 4, 406, 33, 218]","[131, 507, 648, 790, 373, 431, 59, 100, 447, 863, 625, 954, 214, 543, 139, 944, 135, 205, 336, 381, 250, 551]",163
"['0', '1', '2', '3', '4', '5', '6', '7', '8', '9', '10', '11', '12', '13', '14', '15', '16', '17', '18', '19', '20', '21', '22', '23', '24', '25', '26', '27', '28', '29']","[347, 682, 950, 97, 374, 353, 500, 475, 259, 885, 622, 501, 590, 772, 374, 917, 603, 499, 808, 975, 661, 239, 570, 50, 477, 736, 407, 698, 394, 653]","[708, 360, 188, 848, 963, 674, 86, 544, 213, 764, 915, 714, 911, 610, 885, 570, 984, 461, 488, 663, 66, 483, 717, 161, 6, 250, 220, 60, 63, 122]",4150
"['0', '1', '2', '3', '4', '5', '6', '7', '8', '9', '10', '11', '12', '13', '14', '15', '16', '17', '18', '19', '20', '21', '22', '23', '24', '25', '26', '27', '28', '29', '30']","[823, 571, 558, 471, 811, 353, 988, 977, 482, 370, 926, 318, 60, 27, 526, 943, 760, 23, 195, 963, 158, 286, 118, 470, 610, 822, 603, 249, 782, 613, 265]","[441, 331, 81, 680, 740, 697, 661, 805, 305, 300, 579, 168, 477, 110, 930, 188, 311, 713, 131, 36, 68, 543, 949, 900, 256, 680, 491, 620, 994, 962, 495]",1296
"['0', '1', '2', '3', '4', '5', '6', '7', '8', '9', '10', '11', '12', '13', '14']","[98, 949, 556, 926, 945, 851, 302, 555, 30, 749, 284, 497, 298, 788, 799]","[804, 172, 377, 738, 690, 977, 489, 841, 813, 527, 260, 492, 267, 451, 479]",2297
"['0', '1', '2', '3', '4', '5', '6', '7', '8', '9', '10', '11', '12', '13', '14', '15', '16', '17', '18', '19', '20', '21', '22', '23', '24', '25', '26', '27', '28', '29', '30', '31', '32', '33', '34', '35', '36', '37', '38', '39', '40', '41', '42', '43', '44', '45', '46', '47', '48', '49', '50', '51', '52', '53', '54', '55', '56']","[15, 916, 903, 969, 812, 431, 426, 852, 254, 434, 48, 935, 566, 923, 655, 753, 635, 203, 171, 967, 532, 815, 785, 712, 285, 316, 777, 728, 730, 640, 612, 364, 356, 299, 691, 427, 403, 960, 580, 757, 451, 655, 777, 64, 485, 37, 343, 664, 734, 908, 647, 525, 479, 679, 652, 206, 215]","[122, 779, 319, 42, 71, 515, 296, 908, 898, 79, 617, 92, 570, 465, 588, 790, 643, 454, 478, 111, 584, 136, 34, 815, 259, 123, 934, 717, 27, 378, 601, 920, 782, 335, 560, 622, 483, 87, 804, 601, 213, 202, 700, 304, 409, 469, 937, 498, 495, 229, 435, 624, 582, 107, 603, 73, 705]",2172
"['0', '1', '2', '3', '4', '5', '6', '7', '8', '9', '10', '11', '12', '13', '14', '15', '16', '17', '18', '19', '20', '21', '22', '23', '24', '25', '26', '27', '28', '29', '30', '31', '32', '33', '34', '35', '36', '37', '38', '39', '40', '41', '42', '43', '44', '45', '46', '47', '48', '49', '50', '51', '52', '53', '54', '55', '56', '57', '58', '59', '60', '61', '62', '63', '64', '65', '66', '67', '68', '69', '70', '71', '72', '73', '74']","[693, 507, 150, 893, 304, 1, 320, 277, 647, 543, 733, 12, 293, 968, 289, 575, 441, 387, 778, 268, 733, 899, 880, 967, 469, 919, 712, 243, 80, 865, 148, 384, 955, 328, 665, 506, 405, 714, 338, 152, 364, 214, 477, 418, 633, 953, 394, 284, 976, 120, 503, 120, 867, 782, 633, 954, 103, 788, 11, 522, 994, 873, 2, 758, 936, 734, 592, 37, 822, 541, 934, 111, 497, 609, 636]","[521, 657, 756, 587, 540, 168, 212, 789, 544, 853, 912, 47, 282, 919, 768, 633, 140, 989, 627, 853, 123, 330, 439, 927, 439, 357, 986, 626, 109, 709, 9, 381, 563, 48, 692, 964, 425, 486, 691, 547, 74, 176, 305, 723, 967, 608, 55, 187, 626, 430, 626, 856, 380, 345, 981, 432, 109, 789, 934, 286, 674, 313, 226, 415, 646, 236, 59, 678, 420, 842, 909, 32, 800, 764, 79]",269
"['0', '1', '2', '3', '4', '5', '6', '7', '8', '9', '10', '11', '12', '13', '14', '15', '16', '17', '18', '19', '20', '21', '22']","[924, 884, 899, 519, 677, 793, 377, 618, 425, 257, 828, 21, 68, 141, 805, 619, 167, 184, 259, 420, 341, 920, 926]","[902, 363, 979, 508, 816, 188, 592, 486, 609, 749, 62, 513, 621, 247, 478, 685, 3, 184, 772, 862, 1000, 287, 595]",2427
"['0', '1', '2', '3', '4', '5', '6', '7', '8', '9', '10', '11', '12', '13', '14', '15']","[480, 606, 998, 306, 207, 643, 344, 638, 341, 583, 450, 921, 282, 969, 547, 223]","[576, 922, 546, 655, 569, 416, 604, 683, 856, 880, 583, 850, 727, 431, 540, 821]",958
"['0', '1', '2', '3', '4', '5', '6', '7', '8', '9', '10', '11', '12', '13', '14', '15', '16', '17', '18', '19', '20', '21', '22', '23', '24', '25', '26', '27', '28', '29', '30', '31', '32', '33', '34', '35', '36', '37', '38', '39', '40', '41', '42', '43', '44', '45', '46', '47', '48', '49', '50', '51', '52', '53', '54', '55', '56', '57', '58', '59', '60', '61', '62', '63']","[562, 9, 708, 13, 516, 827, 754, 138, 10, 640, 906, 539, 861, 807, 70, 829, 279, 351, 145, 920, 142, 66, 30, 53, 782, 471, 819, 384, 986, 514, 654, 604, 376, 180, 957, 612, 714, 681, 487, 605, 738, 384, 555, 608, 915, 489, 161, 836, 501, 241, 540, 7, 414, 799, 289, 220, 940, 758, 711, 545, 604, 579, 261, 272]","[999, 794, 974, 982, 264, 372, 561, 941, 975, 659, 260, 22, 467, 357, 659, 235, 967, 889, 223, 540, 642, 64, 732, 733, 164, 675, 741, 900, 618, 228, 632, 580, 162, 646, 233, 99, 508, 691, 745, 199, 729, 521, 919, 356, 489, 96, 993, 695, 619, 836, 740, 570, 531, 659, 128, 608, 60, 827, 806, 854, 321, 451, 164, 657]",1503
"['0', '1', '2', '3', '4', '5', '6', '7', '8', '9', '10', '11', '12', '13', '14', '15', '16', '17', '18', '19', '20', '21', '22', '23', '24', '25', '26', '27', '28', '29', '30', '31', '32', '33', '34', '35', '36', '37', '38', '39', '40', '41', '42', '43', '44', '45', '46', '47', '48', '49', '50', '51', '52', '53', '54', '55', '56', '57', '58', '59', '60', '61', '62', '63', '64', '65', '66', '67', '68', '69', '70', '71', '72', '73', '74', '75', '76', '77', '78', '79', '80', '81', '82']","[735, 80, 905, 827, 247, 195, 363, 361, 171, 781, 514, 340, 991, 254, 626, 766, 769, 96, 468, 249, 551, 533, 489, 690, 34, 941, 363, 711, 97, 379, 977, 880, 553, 492, 306, 202, 102, 483, 665, 949, 273, 205, 962, 597, 756, 779, 219, 16, 208, 235, 975, 325, 427, 264, 847, 263, 175, 382, 514, 40, 272, 620, 423, 392, 486, 18, 15, 239, 597, 403, 956, 485, 396, 719, 71, 170, 332, 436, 393, 540, 715, 514, 683]","[145, 744, 276, 70, 197, 694, 866, 774, 259, 243, 706, 549, 534, 815, 151, 906, 912, 148, 787, 692, 853, 868, 348, 32, 627, 254, 897, 45, 620, 618, 708, 457, 914, 903, 912, 765, 719, 826, 113, 414, 565, 767, 845, 537, 130, 7, 293, 684, 635, 935, 478, 789, 906, 675, 352, 420, 565, 643, 17, 834, 328, 988, 543, 738, 738, 992, 57, 533, 896, 567, 38, 255, 222, 923, 461, 817, 975, 815, 581, 361, 321, 253, 724]",164
"['0', '1', '2', '3', '4', '5', '6', '7', '8', '9', '10', '11', '12', '13', '14', '15', '16', '17', '18', '19', '20', '21', '22', '23', '24', '25', '26', '27', '28', '29', '30', '31', '32', '33', '34', '35', '36', '37', '38', '39', '40', '41', '42', '43', '44', '45', '46', '47', '48', '49', '50', '51', '52', '53', '54', '55', '56', '57', '58', '59', '60', '61', '62', '63', '64', '65', '66', '67', '68', '69', '70', '71']","[52, 98, 53, 964, 388, 877, 2, 825, 415, 10, 252, 727, 746, 324, 481, 183, 497, 135, 212, 645, 549, 852, 240, 484, 238, 369, 261, 993, 634, 437, 821, 848, 882, 573, 543, 133, 83, 279, 599, 501, 910, 660, 309, 173, 214, 952, 805, 249, 558, 188, 299, 499, 820, 867, 172, 390, 527, 256, 831, 297, 909, 843, 158, 313, 779, 50, 767, 327, 607, 296, 780, 706]","[461, 934, 499, 871, 846, 110, 853, 500, 292, 937, 549, 413, 810, 996, 41, 117, 30, 973, 587, 804, 472, 814, 47, 815, 733, 92, 29, 898, 985, 635, 175, 563, 999, 13, 34, 484, 631, 854, 862, 811, 602, 19, 640, 504, 538, 115, 450, 264, 656, 384, 434, 41, 873, 121, 402, 248, 661, 743, 342, 835, 842, 468, 155, 508, 622, 510, 767, 30, 812, 764, 729, 772]",1221
"['0', '1', '2', '3', '4', '5', '6', '7', '8', '9', '10']","[32, 764, 682, 161, 535, 727, 225, 880, 780, 940, 343]","[543, 676, 944, 775, 741, 226, 243, 482, 748, 845, 284]",753
"['0', '1', '2', '3', '4', '5', '6', '7', '8', '9', '10']","[233, 207, 693, 214, 530, 1000, 484, 298, 218, 833, 345]","[173, 151, 86, 56, 277, 425, 471, 300, 227, 205, 493]",1805
"['0', '1', '2', '3', '4', '5', '6', '7', '8', '9', '10', '11', '12', '13', '14', '15', '16', '17']","[848, 326, 20, 545, 878, 603, 233, 332, 355, 842, 294, 800, 747, 753, 329, 884, 537, 113]","[645, 647, 435, 464, 157, 698, 291, 492, 657, 183, 196, 770, 238, 963, 800, 693, 771, 915]",3558
"['0', '1', '2', '3', '4', '5', '6', '7', '8', '9', '10', '11', '12', '13', '14', '15', '16', '17', '18', '19', '20', '21', '22', '23', '24', '25', '26', '27', '28', '29', '30', '31', '32', '33', '34', '35', '36', '37']","[630, 51, 945, 164, 737, 559, 283, 9, 572, 346, 544, 308, 347, 680, 841, 381, 389, 326, 240, 75, 652, 492, 65, 550, 529, 140, 360, 243, 980, 559, 912, 92, 918, 765, 562, 854, 460, 778]","[773, 434, 692, 718, 660, 133, 339, 887, 73, 636, 598, 757, 355, 159, 367, 656, 640, 680, 477, 425, 714, 776, 873, 916, 496, 667, 384, 27, 794, 457, 229, 738, 82, 600, 403, 660, 268, 93]",4379
"['0', '1', '2', '3', '4', '5', '6', '7', '8', '9', '10', '11', '12', '13', '14', '15', '16', '17', '18', '19', '20', '21', '22', '23', '24', '25', '26', '27', '28', '29', '30', '31', '32', '33', '34', '35', '36', '37', '38', '39', '40', '41', '42', '43', '44', '45', '46', '47', '48', '49', '50', '51', '52', '53', '54', '55', '56', '57', '58', '59', '60', '61', '62', '63', '64', '65', '66', '67', '68', '69', '70', '71', '72', '73', '74', '75', '76', '77', '78', '79', '80', '81', '82', '83']","[77, 47, 920, 447, 315, 872, 561, 302, 760, 500, 860, 456, 948, 570, 618, 510, 105, 979, 852, 267, 76, 517, 742, 656, 6, 826, 62, 862, 175, 509, 649, 599, 199, 621, 731, 447, 882, 873, 423, 516, 16, 464, 279, 840, 410, 983, 715, 390, 908, 892, 734, 423, 559, 568, 405, 5, 966, 913, 41, 688, 383, 430, 977, 391, 953, 455, 805, 108, 748, 788, 342, 419, 633, 114, 790, 157, 418, 151, 689, 390, 65, 484, 256, 535]","[840, 269, 965, 951, 28, 118, 283, 126, 614, 604, 413, 87, 938, 865, 560, 682, 292, 664, 724, 977, 849, 24, 774, 119, 872, 531, 488, 589, 480, 30, 477, 852, 925, 825, 466, 113, 706, 108, 353, 584, 637, 156, 987, 342, 23, 163, 126, 817, 95, 393, 705, 440, 855, 656, 12, 782, 793, 143, 591, 614, 813, 184, 644, 511, 96, 838, 16, 642, 265, 804, 405, 291, 152, 233, 165, 688, 269, 229, 840, 313, 58, 526, 693, 961]",3165
"['0', '1', '2', '3', '4', '5', '6', '7', '8', '9', '10', '11', '12', '13', '14', '15', '16', '17', '18', '19', '20', '21', '22', '23', '24', '25', '26', '27', '28', '29', '30', '31', '32', '33', '34', '35', '36', '37', '38', '39', '40', '41', '42', '43']","[623, 403, 103, 461, 130, 394, 511, 862, 995, 371, 637, 2, 439, 211, 903, 684, 477, 667, 575, 130, 799, 763, 73, 90, 760, 940, 227, 742, 166, 676, 11, 128, 745, 214, 403, 650, 360, 519, 875, 400, 311, 203, 661, 255]","[776, 501, 591, 495, 540, 939, 377, 277, 877, 692, 165, 849, 725, 10, 191, 637, 436, 832, 420, 890, 692, 526, 709, 611, 641, 462, 692, 137, 332, 187, 336, 327, 242, 697, 528, 759, 628, 99, 464, 945, 43, 747, 856, 364]",2456
"['0', '1', '2', '3', '4', '5', '6', '7', '8', '9', '10', '11', '12', '13', '14', '15', '16', '17', '18', '19', '20', '21', '22', '23', '24', '25', '26', '27', '28', '29', '30', '31', '32', '33', '34', '35', '36', '37', '38', '39', '40', '41', '42', '43', '44', '45', '46', '47', '48', '49', '50', '51', '52', '53', '54', '55', '56', '57', '58', '59', '60', '61', '62', '63', '64', '65', '66', '67', '68', '69', '70', '71', '72', '73', '74', '75', '76', '77', '78', '79', '80', '81', '82', '83', '84']","[812, 396, 750, 925, 901, 813, 362, 497, 691, 272, 768, 404, 68, 57, 293, 113, 763, 119, 241, 130, 693, 742, 285, 751, 840, 434, 381, 878, 100, 853, 146, 20, 406, 473, 319, 996, 954, 665, 299, 723, 588, 585, 238, 644, 192, 875, 941, 98, 116, 183, 182, 762, 832, 530, 508, 325, 955, 883, 431, 220, 47, 569, 735, 54, 633, 295, 70, 400, 338, 522, 746, 121, 293, 471, 976, 466, 810, 618, 713, 34, 476, 722, 592, 926, 25]","[968, 424, 847, 386, 730, 723, 165, 590, 156, 688, 855, 290, 88, 67, 508, 884, 875, 309, 493, 179, 400, 976, 495, 615, 918, 981, 936, 334, 299, 817, 401, 147, 395, 104, 305, 635, 554, 233, 48, 238, 517, 875, 945, 99, 690, 619, 31, 950, 829, 830, 666, 911, 496, 944, 968, 771, 211, 644, 200, 613, 868, 752, 129, 91, 208, 495, 933, 519, 5, 933, 973, 888, 551, 217, 198, 843, 791, 263, 220, 751, 433, 365, 896, 129, 514]",4759
"['0', '1', '2', '3', '4', '5', '6', '7', '8', '9', '10', '11', '12', '13', '14', '15', '16', '17', '18', '19', '20', '21', '22', '23', '24', '25', '26', '27', '28', '29', '30', '31', '32', '33', '34', '35', '36', '37', '38', '39', '40', '41', '42', '43', '44', '45', '46', '47', '48', '49', '50', '51', '52', '53', '54', '55', '56', '57', '58', '59', '60', '61', '62', '63', '64', '65', '66', '67', '68', '69', '70', '71', '72', '73', '74', '75', '76', '77', '78', '79', '80', '81', '82', '83', '84', '85', '86', '87', '88', '89', '90', '91']","[430, 243, 378, 320, 531, 889, 432, 544, 329, 180, 452, 640, 175, 854, 972, 927, 161, 15, 841, 77, 610, 106, 583, 81, 306, 799, 18, 381, 878, 439, 603, 319, 359, 302, 893, 530, 925, 795, 121, 664, 851, 18, 756, 438, 511, 918, 69, 302, 423, 81, 937, 9, 799, 595, 932, 947, 88, 348, 558, 788, 168, 223, 437, 934, 716, 475, 109, 596, 143, 536, 148, 887, 84, 78, 452, 53, 170, 92, 649, 416, 277, 644, 129, 938, 821, 791, 477, 979, 916, 548, 99, 660]","[34, 567, 356, 96, 4, 503, 817, 799, 898, 685, 776, 731, 226, 783, 893, 140, 392, 754, 98, 988, 571, 384, 991, 151, 176, 443, 564, 420, 223, 561, 346, 968, 476, 701, 390, 925, 764, 316, 240, 218, 796, 376, 576, 331, 223, 709, 272, 128, 487, 345, 681, 511, 577, 420, 148, 834, 792, 202, 715, 641, 230, 541, 450, 414, 770, 92, 87, 342, 539, 497, 22, 211, 478, 753, 998, 197, 158, 948, 362, 155, 645, 317, 490, 926, 707, 791, 310, 837, 819, 535, 639, 122]",4793
"['0', '1', '2', '3', '4', '5', '6', '7', '8', '9', '10', '11', '12', '13', '14', '15', '16', '17', '18', '19', '20', '21', '22', '23', '24', '25', '26', '27', '28', '29', '30', '31', '32']","[185, 717, 647, 954, 222, 992, 998, 916, 434, 895, 371, 358, 938, 866, 417, 33, 569, 318, 17, 992, 387, 273, 864, 148, 955, 207, 294, 995, 632, 658, 642, 270, 953]","[697, 636, 327, 622, 837, 41, 127, 62, 342, 672, 195, 102, 713, 914, 164, 320, 201, 676, 696, 657, 82, 2, 560, 975, 97, 506, 58, 395, 82, 189, 482, 873, 146]",1369
"['0', '1', '2', '3', '4', '5', '6', '7', '8', '9', '10', '11', '12', '13', '14', '15', '16', '17', '18', '19', '20', '21', '22', '23', '24', '25', '26', '27', '28', '29', '30', '31', '32', '33', '34', '35', '36', '37', '38', '39', '40', '41']","[638, 274, 701, 803, 936, 24, 731, 478, 16, 714, 292, 588, 210, 624, 715, 9, 100, 845, 621, 203, 154, 672, 917, 393, 721, 634, 718, 787, 901, 876, 396, 100, 956, 519, 581, 252, 142, 316, 726, 248, 808, 181]","[386, 911, 875, 262, 727, 858, 468, 60, 426, 882, 262, 350, 608, 624, 675, 471, 270, 824, 821, 278, 252, 853, 810, 326, 590, 376, 201, 486, 17, 233, 999, 30, 215, 92, 264, 724, 676, 206, 225, 953, 119, 602]",3093
"['0', '1', '2', '3', '4', '5', '6', '7', '8', '9', '10', '11']","[560, 652, 918, 24, 512, 140, 927, 871, 66, 273, 60, 737]","[95, 420, 513, 840, 239, 677, 301, 777, 244, 873, 155, 579]",4604
"['0', '1', '2', '3', '4', '5', '6', '7', '8', '9', '10', '11', '12', '13', '14', '15', '16', '17', '18', '19', '20', '21', '22', '23', '24', '25', '26', '27', '28', '29', '30', '31', '32', '33', '34', '35', '36', '37', '38', '39', '40', '41', '42', '43', '44', '45', '46', '47', '48', '49', '50', '51', '52', '53', '54', '55', '56', '57', '58']","[127, 297, 708, 901, 562, 179, 854, 734, 802, 798, 72, 288, 508, 725, 349, 877, 838, 333, 137, 365, 656, 457, 121, 427, 500, 2, 700, 10, 133, 529, 977, 110, 732, 78, 555, 98, 816, 28, 499, 370, 106, 664, 896, 618, 114, 356, 154, 169, 540, 319, 758, 650, 549, 437, 202, 615, 551, 548, 469]","[533, 981, 329, 563, 139, 3, 276, 476, 964, 112, 270, 756, 257, 495, 129, 747, 239, 155, 883, 152, 267, 487, 440, 815, 407, 329, 189, 139, 497, 579, 567, 618, 51, 432, 702, 192, 256, 167, 955, 934, 954, 946, 228, 34, 973, 547, 933, 420, 699, 440, 307, 242, 1000, 100, 137, 242, 330, 933, 813]",4270
"['0', '1', '2', '3', '4', '5', '6', '7', '8', '9', '10', '11', '12', '13', '14', '15', '16', '17', '18', '19', '20', '21']","[351, 382, 126, 21, 712, 272, 5, 304, 108, 141, 177, 12, 837, 602, 390, 11, 900, 993, 411, 102, 578, 649]","[787, 169, 326, 18, 285, 191, 409, 179, 20, 50, 643, 599, 37, 417, 841, 898, 335, 330, 978, 633, 433, 80]",2783
"['0', '1', '2', '3', '4', '5', '6', '7', '8', '9', '10', '11', '12', '13', '14', '15']","[675, 607, 189, 841, 813, 413, 647, 451, 905, 162, 434, 702, 712, 485, 60, 246]","[991, 429, 994, 900, 468, 512, 696, 452, 926, 196, 683, 869, 695, 808, 894, 470]",1763
"['0', '1', '2', '3', '4', '5', '6', '7', '8', '9', '10', '11', '12', '13', '14', '15', '16', '17', '18', '19', '20', '21', '22', '23', '24', '25', '26', '27', '28', '29', '30', '31', '32', '33', '34', '35', '36', '37', '38', '39', '40', '41', '42', '43', '44', '45', '46', '47', '48', '49', '50', '51', '52', '53', '54', '55', '56', '57', '58', '59', '60', '61', '62', '63', '64', '65', '66', '67']","[388, 288, 237, 480, 35, 924, 925, 478, 115, 545, 951, 393, 176, 811, 665, 219, 195, 291, 582, 790, 72, 269, 326, 549, 354, 478, 148, 987, 616, 805, 559, 787, 820, 716, 454, 634, 221, 204, 937, 471, 342, 725, 177, 497, 604, 357, 489, 332, 687, 458, 711, 252, 997, 442, 787, 764, 388, 558, 296, 726, 178, 40, 113, 438, 283, 179, 481, 825]","[1000, 327, 633, 279, 432, 734, 182, 357, 688, 308, 383, 964, 762, 340, 955, 978, 608, 228, 258, 893, 5, 957, 620, 225, 656, 367, 44, 381, 111, 460, 160, 122, 382, 358, 948, 424, 188, 569, 609, 954, 490, 640, 438, 661, 919, 630, 229, 562, 686, 845, 150, 420, 829, 919, 228, 127, 313, 158, 120, 304, 863, 30, 155, 910, 223, 606, 756, 342]",252
"['0', '1', '2', '3', '4', '5', '6', '7', '8', '9', '10', '11', '12', '13', '14', '15', '16', '17', '18', '19', '20', '21', '22', '23', '24', '25', '26', '27', '28', '29', '30', '31', '32', '33', '34', '35', '36', '37', '38', '39', '40', '41', '42', '43', '44', '45', '46', '47', '48', '49', '50', '51', '52', '53', '54', '55', '56', '57', '58', '59', '60', '61', '62', '63', '64', '65', '66', '67', '68', '69']","[291, 665, 184, 143, 396, 475, 875, 994, 712, 272, 242, 762, 820, 646, 752, 508, 211, 111, 604, 70, 510, 461, 582, 692, 76, 605, 646, 550, 915, 530, 687, 644, 887, 737, 718, 889, 558, 784, 340, 302, 557, 757, 576, 316, 236, 215, 278, 776, 498, 590, 647, 664, 227, 469, 238, 28, 513, 973, 767, 428, 906, 310, 295, 520, 519, 87, 330, 270, 197, 133]","[572, 279, 239, 734, 478, 810, 23, 303, 32, 297, 592, 114, 769, 705, 90, 854, 519, 495, 892, 687, 511, 380, 342, 376, 594, 387, 366, 141, 885, 295, 798, 721, 535, 815, 861, 115, 824, 925, 155, 432, 873, 318, 994, 887, 56, 854, 656, 655, 304, 15, 420, 419, 336, 731, 770, 658, 618, 678, 67, 417, 464, 930, 382, 110, 900, 837, 712, 265, 686, 167]",586
"['0', '1', '2', '3', '4', '5', '6', '7', '8', '9', '10', '11', '12', '13', '14', '15', '16', '17', '18', '19', '20', '21', '22', '23', '24', '25', '26', '27', '28', '29', '30', '31', '32', '33', '34', '35', '36', '37', '38', '39', '40', '41', '42', '43', '44', '45', '46', '47', '48', '49', '50', '51', '52', '53', '54', '55', '56', '57', '58', '59', '60', '61', '62', '63', '64', '65', '66', '67', '68', '69', '70', '71', '72', '73', '74', '75', '76']","[780, 283, 627, 305, 851, 774, 380, 887, 689, 364, 914, 996, 949, 474, 174, 298, 206, 280, 840, 725, 668, 163, 602, 732, 105, 274, 726, 971, 982, 540, 837, 513, 570, 137, 831, 957, 846, 313, 336, 362, 62, 353, 831, 370, 497, 399, 762, 946, 80, 948, 93, 909, 421, 198, 772, 981, 590, 265, 689, 713, 617, 250, 559, 863, 503, 496, 339, 475, 439, 722, 368, 397, 368, 361, 18, 796, 802]","[338, 650, 772, 177, 6, 435, 394, 744, 211, 728, 581, 199, 49, 37, 255, 973, 621, 882, 380, 799, 986, 611, 845, 353, 588, 646, 342, 727, 110, 306, 925, 397, 212, 121, 255, 730, 623, 375, 927, 187, 742, 339, 158, 512, 571, 930, 350, 416, 486, 774, 296, 675, 56, 348, 265, 36, 365, 850, 302, 376, 870, 176, 66, 492, 522, 914, 539, 384, 973, 127, 62, 51, 873, 923, 370, 769, 234]",2062
"['0', '1', '2', '3', '4', '5', '6', '7', '8', '9', '10']","[272, 525, 594, 154, 98, 324, 610, 844, 369, 826, 534]","[861, 301, 80, 286, 415, 48, 815, 671, 791, 659, 441]",2366
"['0', '1', '2', '3', '4', '5', '6', '7', '8', '9', '10', '11', '12', '13', '14', '15', '16', '17', '18', '19', '20', '21', '22', '23', '24', '25', '26', '27', '28', '29', '30', '31', '32', '33']","[788, 599, 263, 854, 410, 703, 270, 82, 136, 157, 438, 784, 858, 88, 520, 831, 681, 552, 981, 952, 359, 533, 614, 119, 789, 909, 208, 787, 260, 888, 632, 15, 375, 278]","[67, 123, 997, 163, 235, 95, 623, 293, 827, 628, 156, 317, 443, 835, 873, 318, 797, 641, 517, 770, 55, 819, 791, 474, 572, 218, 399, 967, 320, 14, 811, 155, 309, 64]",1389
"['0', '1', '2', '3', '4', '5', '6', '7', '8', '9', '10', '11', '12', '13', '14', '15', '16', '17', '18', '19', '20', '21', '22', '23', '24', '25', '26', '27', '28', '29', '30', '31', '32', '33', '34', '35', '36', '37', '38', '39', '40', '41', '42', '43', '44', '45', '46', '47', '48', '49', '50', '51', '52', '53', '54', '55', '56', '57', '58', '59', '60', '61', '62', '63', '64', '65', '66', '67', '68', '69', '70', '71', '72', '73', '74', '75', '76', '77', '78', '79', '80', '81', '82', '83', '84', '85', '86', '87']","[180, 668, 689, 222, 710, 438, 333, 935, 175, 473, 769, 546, 494, 970, 530, 44, 173, 703, 208, 880, 523, 161, 455, 332, 515, 230, 683, 908, 955, 704, 76, 310, 953, 98, 458, 531, 434, 856, 567, 424, 205, 649, 178, 883, 953, 53, 132, 598, 122, 513, 634, 67, 676, 396, 507, 476, 346, 637, 566, 541, 209, 4, 230, 466, 999, 393, 614, 309, 574, 533, 1000, 957, 109, 140, 547, 444, 293, 396, 494, 836, 695, 170, 609, 360, 651, 931, 286, 461]","[534, 550, 10, 501, 1000, 525, 934, 618, 839, 964, 310, 954, 737, 219, 972, 113, 731, 52, 158, 923, 427, 439, 62, 596, 331, 337, 666, 514, 502, 126, 541, 746, 895, 514, 745, 820, 574, 659, 245, 622, 89, 490, 582, 894, 975, 418, 290, 403, 180, 880, 307, 582, 313, 112, 319, 468, 310, 492, 849, 17, 87, 831, 977, 64, 414, 626, 513, 306, 683, 13, 416, 687, 601, 70, 817, 496, 795, 872, 549, 526, 663, 91, 319, 203, 175, 3, 282, 205]",2437
"['0', '1', '2', '3', '4', '5', '6', '7', '8', '9', '10', '11', '12', '13', '14', '15', '16', '17', '18', '19', '20', '21', '22', '23', '24', '25', '26', '27', '28', '29', '30', '31', '32', '33', '34', '35', '36', '37', '38', '39', '40', '41', '42', '43', '44', '45', '46', '47', '48', '49', '50', '51', '52', '53', '54', '55', '56', '57', '58', '59', '60', '61', '62', '63', '64', '65']","[574, 459, 29, 263, 124, 961, 602, 258, 846, 286, 506, 284, 237, 418, 793, 564, 307, 519, 521, 438, 592, 971, 250, 553, 172, 123, 474, 604, 830, 473, 278, 748, 625, 342, 819, 336, 477, 391, 715, 229, 36, 213, 507, 456, 772, 204, 791, 80, 856, 775, 138, 183, 291, 303, 869, 879, 43, 308, 730, 670, 208, 430, 776, 791, 882, 675]","[461, 662, 529, 156, 719, 168, 836, 899, 142, 168, 147, 607, 737, 66, 348, 414, 423, 589, 225, 921, 686, 39, 773, 630, 518, 335, 168, 508, 435, 308, 638, 308, 338, 455, 529, 859, 492, 590, 476, 721, 65, 108, 789, 839, 625, 37, 955, 497, 17, 226, 508, 814, 914, 206, 773, 193, 128, 545, 690, 168, 332, 401, 507, 259, 836, 287]",3879
"['0', '1', '2', '3', '4', '5', '6', '7', '8', '9', '10', '11', '12', '13', '14', '15', '16', '17', '18', '19', '20', '21', '22', '23', '24', '25', '26', '27', '28', '29', '30', '31', '32', '33', '34', '35', '36', '37', '38', '39', '40', '41', '42', '43', '44', '45', '46', '47', '48', '49', '50', '51', '52', '53', '54', '55']","[439, 641, 538, 119, 963, 115, 121, 118, 781, 369, 908, 306, 473, 519, 645, 43, 348, 592, 633, 774, 475, 490, 624, 513, 211, 273, 132, 654, 441, 503, 724, 878, 231, 223, 335, 172, 13, 502, 872, 147, 382, 372, 325, 290, 567, 382, 814, 237, 608, 144, 350, 569, 854, 108, 445, 386]","[615, 446, 552, 106, 554, 454, 532, 876, 782, 948, 384, 624, 452, 377, 429, 503, 925, 738, 840, 75, 531, 442, 429, 578, 661, 492, 850, 311, 284, 819, 471, 621, 364, 169, 294, 510, 593, 751, 25, 282, 316, 443, 421, 154, 770, 694, 567, 627, 930, 618, 87, 342, 709, 757, 206, 159]",4965
"['0', '1', '2', '3', '4', '5', '6', '7', '8', '9', '10', '11', '12', '13', '14', '15', '16', '17', '18', '19', '20', '21', '22', '23', '24', '25', '26', '27', '28', '29', '30', '31', '32', '33', '34', '35', '36', '37', '38', '39', '40', '41', '42', '43', '44', '45', '46', '47', '48', '49', '50', '51', '52']","[485, 740, 348, 388, 149, 553, 504, 414, 324, 45, 302, 175, 7, 33, 174, 612, 946, 420, 161, 534, 76, 805, 140, 883, 600, 565, 539, 222, 711, 324, 334, 891, 455, 477, 68, 563, 883, 77, 618, 165, 801, 272, 700, 626, 679, 328, 230, 193, 398, 818, 707, 58, 41]","[916, 984, 572, 375, 783, 574, 422, 938, 587, 913, 609, 19, 92, 569, 860, 485, 514, 414, 124, 989, 97, 764, 519, 731, 207, 278, 248, 951, 899, 254, 645, 385, 60, 705, 54, 803, 281, 46, 67, 10, 395, 608, 669, 834, 903, 589, 123, 631, 473, 787, 292, 11, 940]",2630
"['0', '1', '2', '3', '4', '5', '6', '7', '8', '9', '10', '11', '12', '13', '14', '15', '16', '17', '18', '19', '20', '21', '22', '23', '24', '25', '26', '27', '28', '29', '30', '31', '32', '33', '34', '35', '36', '37', '38', '39', '40', '41', '42', '43', '44', '45', '46', '47', '48', '49', '50', '51', '52', '53', '54', '55', '56', '57', '58', '59', '60', '61', '62', '63', '64', '65', '66', '67', '68', '69', '70', '71', '72', '73', '74', '75', '76', '77', '78', '79', '80', '81', '82', '83', '84', '85', '86', '87', '88', '89', '90', '91']","[837, 839, 580, 38, 916, 156, 901, 250, 524, 507, 117, 342, 264, 966, 619, 255, 826, 59, 530, 998, 122, 617, 568, 409, 601, 945, 135, 218, 697, 442, 104, 239, 240, 118, 745, 463, 201, 21, 373, 167, 8, 63, 366, 722, 973, 813, 915, 409, 376, 368, 900, 654, 7, 664, 248, 307, 125, 566, 720, 288, 675, 179, 205, 573, 623, 642, 392, 816, 480, 424, 566, 10, 856, 492, 680, 546, 86, 528, 595, 597, 459, 276, 158, 877, 220, 394, 715, 617, 885, 451, 972, 877]","[414, 33, 430, 63, 382, 148, 615, 336, 852, 464, 478, 592, 581, 879, 335, 708, 389, 919, 922, 470, 932, 607, 604, 69, 798, 231, 452, 901, 49, 802, 576, 460, 757, 17, 641, 206, 673, 623, 434, 185, 444, 866, 502, 795, 670, 883, 666, 568, 664, 413, 940, 133, 279, 471, 651, 106, 17, 610, 421, 657, 671, 953, 273, 524, 805, 384, 301, 685, 210, 608, 186, 355, 54, 528, 16, 729, 671, 810, 431, 575, 661, 958, 789, 194, 526, 395, 571, 57, 523, 212, 718, 581]",3725
"['0', '1', '2', '3', '4', '5', '6', '7', '8', '9', '10', '11', '12', '13', '14', '15', '16', '17', '18', '19', '20', '21']","[442, 909, 209, 630, 127, 138, 109, 363, 561, 408, 587, 608, 439, 483, 842, 982, 915, 426, 693, 932, 532, 804]","[996, 567, 803, 732, 575, 152, 818, 383, 517, 670, 589, 18, 95, 705, 856, 967, 918, 130, 150, 882, 984, 610]",1046
"['0', '1', '2', '3', '4', '5', '6', '7', '8', '9', '10', '11', '12', '13', '14', '15', '16', '17', '18', '19', '20', '21', '22', '23', '24', '25', '26', '27', '28', '29', '30', '31', '32', '33', '34', '35']","[15, 914, 137, 71, 18, 719, 714, 538, 252, 775, 738, 234, 495, 660, 520, 279, 166, 521, 87, 677, 647, 930, 581, 361, 494, 878, 110, 499, 751, 532, 916, 399, 473, 181, 294, 763]","[825, 768, 415, 36, 566, 98, 7, 767, 346, 875, 873, 445, 342, 294, 441, 203, 744, 709, 587, 974, 757, 93, 430, 874, 479, 390, 317, 618, 745, 393, 678, 440, 234, 64, 1, 291]",326
"['0', '1', '2', '3', '4', '5', '6', '7', '8', '9', '10', '11', '12', '13', '14', '15', '16', '17', '18', '19', '20', '21', '22', '23', '24', '25', '26']","[371, 71, 868, 10, 55, 991, 415, 831, 679, 854, 301, 223, 801, 728, 652, 337, 627, 950, 444, 503, 255, 767, 252, 999, 129, 855, 24]","[205, 57, 384, 84, 557, 452, 231, 358, 617, 512, 66, 817, 390, 399, 137, 509, 241, 581, 55, 360, 497, 891, 408, 14, 327, 849, 287]",3692
"['0', '1', '2', '3', '4', '5', '6', '7', '8', '9', '10', '11', '12', '13', '14', '15', '16', '17', '18', '19', '20', '21', '22', '23', '24', '25', '26', '27', '28', '29', '30', '31', '32', '33', '34', '35', '36', '37', '38', '39', '40']","[111, 328, 39, 450, 701, 986, 97, 918, 397, 336, 745, 13, 842, 417, 921, 269, 631, 828, 92, 336, 39, 765, 962, 819, 317, 318, 276, 622, 706, 221, 904, 17, 382, 616, 156, 664, 289, 237, 404, 928, 460]","[401, 189, 87, 400, 640, 856, 409, 247, 735, 11, 480, 933, 524, 74, 649, 566, 614, 66, 469, 982, 726, 657, 522, 492, 273, 799, 918, 52, 755, 539, 631, 239, 97, 294, 439, 143, 520, 329, 508, 558, 524]",3815
"['0', '1', '2', '3', '4', '5', '6', '7', '8', '9', '10', '11', '12', '13', '14', '15', '16', '17', '18', '19', '20', '21', '22', '23', '24', '25', '26', '27', '28', '29', '30', '31', '32', '33', '34', '35', '36', '37', '38', '39', '40', '41', '42', '43', '44', '45', '46', '47', '48']","[756, 851, 806, 974, 856, 838, 872, 975, 898, 225, 978, 778, 733, 971, 549, 177, 168, 389, 982, 607, 391, 870, 869, 687, 578, 919, 39, 648, 126, 989, 186, 658, 882, 676, 205, 740, 501, 695, 863, 26, 61, 551, 876, 783, 648, 834, 393, 821, 891]","[472, 545, 814, 970, 324, 434, 242, 931, 290, 96, 30, 374, 922, 172, 255, 374, 315, 794, 734, 647, 390, 897, 216, 282, 438, 775, 851, 866, 418, 840, 819, 456, 2, 17, 682, 207, 630, 499, 33, 205, 309, 994, 197, 591, 503, 929, 1, 195, 911]",102
"['0', '1', '2', '3', '4', '5', '6', '7', '8', '9', '10', '11', '12', '13', '14', '15', '16', '17', '18', '19', '20', '21', '22', '23', '24', '25']","[15, 134, 212, 224, 948, 881, 365, 483, 957, 569, 380, 398, 747, 464, 238, 671, 933, 767, 629, 462, 379, 520, 191, 204, 993, 462]","[296, 115, 124, 140, 138, 579, 389, 262, 810, 31, 615, 125, 377, 953, 912, 368, 434, 603, 586, 233, 596, 45, 589, 265, 303, 216]",823
"['0', '1', '2', '3', '4', '5', '6', '7', '8', '9', '10', '11', '12', '13', '14', '15', '16', '17', '18', '19', '20', '21', '22', '23', '24', '25', '26', '27', '28', '29', '30', '31', '32', '33', '34', '35', '36', '37', '38', '39', '40', '41', '42', '43', '44', '45', '46', '47', '48', '49', '50', '51']","[879, 283, 735, 154, 300, 954, 880, 896, 571, 896, 106, 170, 298, 832, 78, 943, 552, 309, 426, 664, 715, 712, 671, 623, 686, 739, 715, 420, 889, 574, 640, 282, 396, 893, 720, 571, 2, 957, 207, 523, 828, 17, 683, 313, 384, 935, 464, 429, 710, 863, 837, 168]","[464, 729, 106, 365, 442, 8, 883, 982, 913, 604, 589, 243, 68, 585, 796, 558, 232, 610, 907, 595, 949, 866, 421, 206, 888, 362, 731, 586, 457, 571, 608, 902, 548, 528, 172, 828, 383, 230, 259, 657, 746, 294, 507, 451, 99, 643, 719, 22, 158, 19, 147, 44]",4591
"['0', '1', '2', '3', '4', '5', '6', '7', '8', '9', '10', '11', '12', '13', '14', '15', '16', '17', '18', '19', '20', '21', '22', '23', '24']","[612, 101, 382, 157, 98, 981, 392, 923, 334, 567, 988, 309, 3, 338, 270, 270, 360, 565, 343, 792, 734, 853, 467, 339, 942]","[508, 687, 853, 432, 438, 137, 247, 68, 951, 637, 336, 379, 336, 642, 993, 602, 365, 561, 745, 113, 98, 863, 444, 218, 621]",2135
"['0', '1', '2', '3', '4', '5', '6', '7', '8', '9', '10', '11', '12', '13', '14', '15', '16', '17', '18', '19', '20', '21', '22', '23', '24', '25', '26', '27', '28', '29', '30', '31']","[529, 777, 242, 388, 977, 844, 661, 321, 678, 728, 973, 413, 149, 25, 390, 393, 718, 230, 783, 580, 230, 769, 646, 329, 872, 629, 63, 879, 758, 820, 768, 652]","[581, 259, 545, 832, 535, 50, 525, 123, 774, 654, 746, 59, 834, 404, 130, 336, 389, 179, 58, 471, 909, 925, 644, 105, 431, 916, 622, 622, 149, 859, 447, 317]",960
"['0', '1', '2', '3', '4', '5', '6', '7', '8', '9', '10', '11', '12', '13', '14', '15', '16', '17', '18', '19', '20', '21', '22', '23', '24', '25', '26', '27', '28', '29', '30', '31', '32', '33', '34', '35', '36', '37', '38', '39', '40', '41', '42', '43', '44', '45', '46', '47', '48', '49', '50', '51', '52', '53', '54', '55', '56', '57', '58', '59', '60', '61', '62', '63', '64']","[397, 822, 138, 669, 436, 817, 50, 822, 148, 935, 778, 592, 496, 83, 184, 86, 3, 43, 824, 769, 691, 223, 363, 320, 377, 406, 293, 445, 393, 780, 792, 526, 466, 997, 179, 765, 985, 201, 980, 402, 375, 424, 738, 818, 590, 111, 475, 202, 394, 59, 573, 85, 729, 242, 64, 634, 149, 989, 203, 767, 69, 756, 626, 511, 625]","[938, 56, 829, 434, 384, 233, 405, 600, 676, 617, 274, 598, 319, 16, 555, 174, 936, 861, 347, 580, 565, 909, 702, 809, 403, 586, 229, 83, 423, 631, 713, 369, 654, 124, 51, 199, 873, 709, 473, 987, 673, 760, 169, 726, 121, 239, 931, 767, 497, 407, 527, 488, 588, 3, 68, 778, 108, 103, 188, 242, 875, 504, 284, 651, 57]",4315
"['0', '1', '2', '3', '4', '5', '6', '7', '8', '9', '10', '11', '12', '13', '14', '15', '16', '17', '18', '19', '20', '21', '22', '23', '24', '25', '26', '27', '28', '29', '30', '31', '32', '33', '34', '35', '36', '37', '38', '39', '40', '41', '42', '43', '44', '45', '46', '47', '48', '49', '50', '51', '52', '53', '54', '55', '56', '57', '58', '59', '60']","[403, 469, 655, 974, 157, 704, 975, 355, 744, 249, 726, 352, 644, 538, 464, 864, 965, 126, 543, 228, 831, 615, 25, 740, 763, 725, 480, 987, 377, 328, 983, 670, 584, 567, 337, 93, 367, 809, 606, 311, 938, 190, 707, 651, 875, 531, 781, 201, 607, 757, 280, 245, 181, 985, 498, 625, 57, 979, 392, 775, 204]","[836, 947, 256, 931, 685, 329, 199, 556, 206, 215, 722, 661, 574, 790, 92, 793, 103, 697, 632, 801, 206, 602, 285, 339, 666, 117, 599, 244, 502, 258, 343, 994, 861, 699, 284, 374, 332, 528, 747, 574, 892, 354, 750, 895, 559, 70, 699, 243, 832, 149, 294, 709, 820, 304, 398, 601, 878, 935, 48, 276, 727]",186
"['0', '1', '2', '3', '4', '5', '6', '7', '8', '9', '10', '11', '12', '13', '14', '15', '16', '17', '18', '19', '20', '21', '22', '23', '24']","[529, 274, 200, 287, 729, 423, 831, 111, 898, 204, 914, 386, 951, 232, 884, 795, 234, 430, 596, 625, 983, 755, 958, 208, 253]","[807, 241, 828, 897, 144, 23, 55, 751, 698, 189, 364, 260, 630, 163, 193, 312, 265, 734, 527, 782, 10, 223, 623, 31, 664]",352
"['0', '1', '2', '3', '4', '5', '6', '7', '8', '9', '10', '11', '12', '13', '14', '15', '16', '17', '18']","[545, 388, 483, 832, 756, 82, 667, 303, 706, 865, 468, 621, 662, 330, 130, 728, 607, 786, 435]","[849, 651, 839, 944, 973, 436, 245, 374, 365, 968, 622, 624, 382, 952, 132, 232, 225, 387, 666]",2955
"['0', '1', '2', '3', '4', '5', '6', '7', '8', '9', '10', '11', '12', '13', '14', '15', '16', '17', '18', '19', '20', '21', '22', '23', '24', '25', '26', '27', '28', '29', '30', '31', '32', '33', '34', '35', '36', '37', '38', '39', '40', '41', '42', '43', '44', '45', '46', '47', '48', '49', '50', '51', '52', '53', '54', '55', '56', '57', '58', '59', '60', '61', '62', '63', '64', '65', '66', '67', '68', '69', '70', '71', '72', '73', '74', '75', '76', '77', '78', '79', '80', '81', '82']","[714, 86, 605, 292, 923, 451, 928, 300, 981, 359, 642, 877, 733, 394, 209, 873, 351, 366, 853, 858, 906, 675, 432, 453, 55, 961, 331, 761, 636, 447, 701, 426, 914, 221, 972, 360, 237, 680, 668, 857, 674, 609, 790, 143, 196, 878, 348, 560, 846, 311, 189, 737, 234, 839, 17, 342, 231, 548, 622, 700, 578, 827, 66, 49, 853, 518, 70, 812, 315, 700, 635, 410, 391, 943, 373, 622, 386, 596, 551, 365, 986, 467, 808]","[713, 80, 503, 759, 427, 650, 718, 874, 499, 705, 495, 763, 170, 107, 561, 601, 693, 368, 436, 578, 418, 290, 811, 430, 376, 506, 602, 783, 501, 333, 253, 27, 562, 66, 726, 784, 677, 960, 269, 905, 574, 408, 181, 765, 225, 142, 97, 652, 477, 586, 23, 375, 354, 517, 697, 645, 888, 604, 361, 278, 547, 415, 587, 900, 875, 386, 339, 772, 533, 376, 146, 401, 547, 836, 731, 905, 340, 134, 911, 646, 129, 197, 523]",1773
"['0', '1', '2', '3', '4', '5', '6', '7', '8', '9', '10', '11', '12', '13', '14', '15', '16', '17', '18', '19', '20', '21', '22', '23', '24', '25', '26', '27', '28', '29', '30', '31', '32', '33', '34', '35', '36', '37', '38', '39', '40', '41', '42', '43', '44', '45', '46', '47', '48', '49', '50', '51', '52', '53', '54', '55', '56', '57', '58', '59', '60', '61', '62', '63', '64', '65']","[392, 56, 646, 784, 411, 637, 199, 804, 756, 674, 946, 852, 677, 231, 482, 329, 242, 440, 449, 826, 739, 210, 890, 645, 977, 273, 943, 967, 309, 517, 376, 500, 917, 135, 609, 704, 57, 889, 117, 441, 699, 588, 639, 325, 326, 663, 569, 359, 327, 22, 262, 264, 893, 168, 141, 609, 783, 173, 799, 162, 286, 518, 898, 889, 79, 58]","[665, 142, 638, 484, 83, 717, 916, 530, 512, 700, 643, 866, 479, 185, 167, 509, 345, 730, 126, 296, 583, 912, 851, 36, 597, 4, 966, 958, 962, 769, 344, 177, 782, 726, 962, 362, 98, 189, 266, 291, 309, 27, 697, 558, 262, 437, 17, 296, 670, 181, 197, 843, 320, 427, 675, 395, 877, 458, 490, 327, 42, 6, 46, 46, 763, 197]",2802
"['0', '1', '2', '3', '4', '5', '6', '7', '8', '9', '10', '11', '12', '13', '14', '15', '16', '17', '18', '19', '20', '21', '22', '23', '24', '25', '26', '27', '28', '29', '30', '31', '32', '33', '34', '35', '36', '37', '38', '39', '40', '41', '42', '43', '44', '45', '46', '47', '48', '49', '50', '51', '52', '53', '54', '55', '56', '57', '58', '59', '60', '61', '62', '63', '64', '65', '66', '67', '68', '69', '70', '71', '72', '73', '74', '75', '76', '77', '78', '79', '80', '81', '82', '83', '84', '85', '86', '87', '88', '89', '90', '91', '92', '93', '94', '95', '96', '97']","[390, 648, 922, 756, 210, 538, 49, 458, 872, 991, 375, 352, 776, 615, 453, 269, 971, 642, 80, 846, 630, 247, 44, 669, 584, 508, 796, 159, 880, 759, 914, 97, 915, 610, 155, 8, 922, 641, 905, 130, 486, 951, 919, 82, 236, 723, 726, 860, 658, 260, 251, 434, 170, 239, 330, 423, 174, 966, 46, 447, 183, 159, 566, 484, 716, 939, 949, 442, 358, 234, 959, 861, 683, 884, 934, 858, 850, 282, 986, 368, 621, 611, 790, 353, 895, 945, 818, 720, 229, 563, 146, 303, 859, 977, 491, 504, 288, 400]","[120, 852, 286, 13, 342, 13, 488, 784, 877, 316, 493, 850, 508, 90, 850, 12, 199, 348, 781, 147, 818, 781, 58, 783, 460, 848, 954, 425, 283, 294, 678, 505, 596, 76, 287, 815, 311, 120, 9, 841, 667, 117, 526, 532, 923, 871, 636, 873, 60, 272, 897, 103, 286, 697, 966, 505, 297, 368, 885, 621, 19, 413, 793, 742, 514, 522, 998, 78, 747, 459, 312, 545, 20, 402, 718, 682, 157, 301, 451, 697, 177, 300, 724, 934, 294, 179, 345, 16, 694, 693, 103, 79, 833, 51, 309, 251, 86, 569]",2726
"['0', '1', '2', '3', '4', '5', '6', '7', '8', '9', '10', '11', '12', '13', '14', '15', '16', '17', '18', '19', '20', '21', '22', '23', '24', '25', '26', '27', '28', '29', '30', '31', '32', '33', '34', '35', '36', '37', '38', '39', '40', '41', '42', '43', '44', '45', '46', '47', '48', '49', '50', '51', '52', '53', '54', '55', '56', '57', '58', '59', '60', '61', '62', '63', '64', '65', '66', '67', '68', '69', '70', '71', '72', '73', '74', '75', '76', '77', '78', '79', '80', '81', '82', '83', '84', '85', '86', '87', '88', '89', '90', '91', '92', '93', '94']","[120, 939, 213, 862, 828, 101, 122, 573, 649, 43, 434, 368, 279, 780, 875, 190, 321, 23, 918, 574, 448, 449, 178, 569, 95, 4, 530, 781, 415, 863, 580, 55, 891, 936, 981, 96, 50, 93, 438, 108, 819, 540, 498, 650, 619, 680, 42, 694, 936, 381, 107, 203, 416, 118, 529, 660, 633, 59, 77, 495, 13, 416, 979, 659, 755, 391, 793, 977, 278, 889, 140, 933, 604, 6, 612, 58, 109, 913, 922, 768, 289, 289, 46, 242, 568, 521, 941, 511, 954, 248, 141, 384, 953, 186, 668]","[93, 487, 237, 261, 316, 374, 177, 799, 65, 340, 61, 407, 159, 665, 112, 611, 460, 895, 361, 915, 87, 318, 314, 79, 605, 609, 88, 580, 236, 772, 867, 266, 628, 183, 915, 863, 821, 31, 491, 760, 645, 459, 974, 63, 849, 217, 478, 99, 454, 590, 610, 54, 25, 470, 567, 30, 52, 377, 404, 468, 687, 197, 983, 834, 654, 96, 675, 188, 649, 468, 957, 672, 822, 183, 876, 367, 633, 857, 418, 581, 637, 140, 883, 136, 642, 349, 871, 366, 436, 393, 912, 106, 510, 952, 20]",2930
"['0', '1', '2', '3', '4', '5', '6', '7', '8', '9', '10', '11', '12', '13', '14', '15', '16', '17', '18', '19', '20', '21', '22', '23', '24', '25', '26', '27', '28', '29', '30', '31', '32', '33', '34', '35', '36', '37', '38', '39', '40', '41', '42', '43', '44', '45', '46', '47', '48', '49', '50', '51', '52', '53', '54', '55', '56', '57', '58', '59', '60', '61', '62', '63', '64']","[843, 763, 603, 129, 696, 678, 676, 320, 699, 379, 695, 38, 960, 513, 66, 616, 440, 446, 526, 696, 159, 68, 253, 347, 275, 541, 400, 565, 694, 779, 711, 755, 472, 841, 339, 900, 532, 885, 481, 151, 734, 237, 345, 600, 738, 632, 659, 330, 444, 400, 397, 295, 22, 857, 175, 767, 217, 784, 135, 988, 450, 255, 717, 355, 53]","[549, 869, 351, 269, 521, 38, 681, 795, 244, 905, 320, 615, 529, 352, 871, 266, 15, 638, 601, 478, 67, 37, 591, 113, 546, 967, 114, 494, 381, 408, 451, 510, 211, 775, 528, 566, 556, 855, 52, 413, 700, 276, 372, 22, 14, 413, 855, 202, 326, 345, 600, 840, 593, 196, 574, 104, 789, 854, 551, 839, 128, 756, 522, 571, 810]",3356
"['0', '1', '2', '3', '4', '5', '6', '7', '8', '9', '10', '11', '12', '13']","[656, 3, 843, 280, 768, 603, 908, 592, 140, 162, 385, 631, 803, 670]","[432, 160, 637, 581, 636, 281, 350, 66, 88, 512, 100, 587, 849, 304]",2969
"['0', '1', '2', '3', '4', '5', '6', '7', '8', '9', '10', '11', '12', '13', '14', '15', '16', '17', '18', '19', '20', '21', '22', '23', '24', '25', '26', '27', '28', '29']","[131, 622, 715, 823, 725, 331, 722, 334, 992, 521, 271, 205, 377, 458, 791, 35, 866, 19, 138, 508, 330, 791, 542, 210, 653, 875, 714, 816, 461, 808]","[139, 978, 795, 505, 114, 956, 75, 442, 165, 486, 74, 955, 918, 710, 123, 724, 490, 710, 756, 4, 464, 34, 506, 726, 986, 246, 289, 142, 837, 617]",4706
"['0', '1', '2', '3', '4', '5', '6', '7', '8', '9', '10', '11', '12', '13', '14', '15', '16', '17', '18', '19', '20', '21', '22', '23', '24', '25', '26', '27', '28', '29', '30', '31', '32', '33', '34', '35', '36', '37', '38', '39', '40', '41', '42', '43', '44', '45', '46', '47', '48', '49', '50', '51', '52', '53', '54', '55', '56', '57', '58', '59', '60', '61', '62', '63', '64', '65']","[867, 356, 563, 152, 227, 179, 109, 748, 577, 114, 505, 308, 426, 457, 147, 361, 633, 734, 691, 718, 72, 805, 51, 157, 334, 426, 721, 861, 823, 83, 604, 791, 54, 290, 159, 671, 106, 106, 456, 417, 760, 525, 700, 443, 480, 152, 607, 194, 273, 994, 124, 452, 58, 155, 313, 503, 11, 289, 724, 340, 253, 365, 419, 328, 758, 447]","[355, 292, 278, 450, 513, 506, 946, 939, 340, 922, 249, 823, 602, 860, 983, 794, 132, 338, 956, 1, 680, 24, 556, 70, 20, 397, 498, 429, 394, 991, 463, 401, 177, 635, 5, 4, 48, 501, 894, 374, 417, 90, 134, 82, 764, 807, 473, 806, 373, 514, 103, 553, 963, 115, 54, 881, 678, 757, 523, 321, 378, 925, 922, 680, 395, 564]",185
